purchase_order_id,item_vendor,department,item_nbr,warehouse_nbr,receipt_date,receiving_seq_nbr,order_qty,received_qty,update_timestamp
100101001,501,24,100101,111,2026-08-11,1,74,74,2026-09-12 23:05:03
100101002,501,25,100101,104,2026-08-12,2,94,94,2026-09-12 23:05:03
100101003,501,15,100101,105,2026-08-13,3,71,71,2026-09-12 23:05:03
100101004,501,10,100101,103,2026-08-14,4,94,94,2026-09-12 23:05:03
100101005,501,22,100101,114,2026-08-15,5,84,84,2026-09-12 23:05:03
100101006,501,22,100101,112,2026-08-16,6,88,88,2026-09-12 23:05:03
100101007,501,21,100101,101,2026-08-17,7,56,56,2026-09-12 23:05:03
100101008,501,14,100101,114,2026-08-18,8,45,45,2026-09-12 23:05:03
100101009,501,29,100101,115,2026-08-19,9,89,89,2026-09-12 23:05:03
100101010,501,27,100101,119,2026-08-20,10,1,1,2026-09-12 23:05:03
100101011,501,12,100101,119,2026-08-21,11,15,15,2026-09-12 23:05:03
100101012,501,13,100101,102,2026-08-22,12,79,79,2026-09-12 23:05:03
100101013,501,28,100101,116,2026-08-23,13,24,24,2026-09-12 23:05:03
100101014,501,21,100101,120,2026-08-24,14,44,44,2026-09-12 23:05:03
100101015,501,24,100101,116,2026-08-25,15,42,42,2026-09-12 23:05:03
100101016,501,24,100101,104,2026-08-26,16,46,46,2026-09-12 23:05:03
100101017,501,13,100101,104,2026-08-27,17,32,32,2026-09-12 23:05:03
100101018,501,28,100101,116,2026-08-28,18,43,43,2026-09-12 23:05:03
100101019,501,18,100101,109,2026-08-29,19,45,45,2026-09-12 23:05:03
100101020,501,28,100101,101,2026-08-30,20,73,73,2026-09-12 23:05:03
100101021,501,24,100101,119,2026-08-31,21,22,22,2026-09-12 23:05:03
100101022,501,13,100101,119,2026-09-01,22,31,31,2026-09-12 23:05:03
100101023,501,15,100101,109,2026-09-02,23,97,97,2026-09-12 23:05:03
100101024,501,17,100101,110,2026-09-03,24,11,11,2026-09-12 23:05:03
100101025,501,17,100101,117,2026-09-04,25,42,42,2026-09-12 23:05:03
100101026,501,28,100101,117,2026-09-05,26,83,83,2026-09-12 23:05:03
100101027,501,11,100101,103,2026-09-06,27,69,69,2026-09-12 23:05:03
100101028,501,20,100101,113,2026-09-07,28,72,72,2026-09-12 23:05:03
100101029,501,20,100101,101,2026-09-08,29,100,100,2026-09-12 23:05:03
100101030,501,25,100101,113,2026-09-09,30,65,65,2026-09-12 23:05:03
100102001,501,10,100102,110,2026-08-11,1,16,16,2026-09-12 23:05:03
100102002,501,14,100102,109,2026-08-12,2,9,9,2026-09-12 23:05:03
100102003,501,25,100102,115,2026-08-13,3,94,94,2026-09-12 23:05:03
100102004,501,13,100102,107,2026-08-14,4,8,8,2026-09-12 23:05:03
100102005,501,10,100102,120,2026-08-15,5,52,52,2026-09-12 23:05:03
100102006,501,18,100102,107,2026-08-16,6,82,82,2026-09-12 23:05:03
100102007,501,29,100102,105,2026-08-17,7,32,32,2026-09-12 23:05:03
100102008,501,29,100102,107,2026-08-18,8,77,77,2026-09-12 23:05:03
100102009,501,16,100102,103,2026-08-19,9,4,4,2026-09-12 23:05:03
100102010,501,20,100102,109,2026-08-20,10,37,37,2026-09-12 23:05:03
100102011,501,12,100102,104,2026-08-21,11,16,16,2026-09-12 23:05:03
100102012,501,27,100102,116,2026-08-22,12,100,100,2026-09-12 23:05:03
100102013,501,26,100102,101,2026-08-23,13,23,23,2026-09-12 23:05:03
100102014,501,12,100102,120,2026-08-24,14,52,52,2026-09-12 23:05:03
100102015,501,18,100102,105,2026-08-25,15,71,71,2026-09-12 23:05:03
100102016,501,21,100102,108,2026-08-26,16,48,48,2026-09-12 23:05:03
100102017,501,21,100102,105,2026-08-27,17,59,59,2026-09-12 23:05:03
100102018,501,14,100102,116,2026-08-28,18,55,55,2026-09-12 23:05:03
100102019,501,22,100102,118,2026-08-29,19,44,44,2026-09-12 23:05:03
100102020,501,25,100102,114,2026-08-30,20,5,5,2026-09-12 23:05:03
100102021,501,26,100102,102,2026-08-31,21,21,21,2026-09-12 23:05:03
100102022,501,24,100102,112,2026-09-01,22,84,84,2026-09-12 23:05:03
100102023,501,24,100102,113,2026-09-02,23,36,36,2026-09-12 23:05:03
100102024,501,25,100102,106,2026-09-03,24,9,9,2026-09-12 23:05:03
100102025,501,12,100102,104,2026-09-04,25,35,35,2026-09-12 23:05:03
100102026,501,27,100102,104,2026-09-05,26,41,41,2026-09-12 23:05:03
100102027,501,22,100102,109,2026-09-06,27,32,32,2026-09-12 23:05:03
100102028,501,17,100102,115,2026-09-07,28,15,15,2026-09-12 23:05:03
100102029,501,11,100102,109,2026-09-08,29,1,1,2026-09-12 23:05:03
100102030,501,18,100102,104,2026-09-09,30,31,31,2026-09-12 23:05:03
100103001,501,13,100103,120,2026-08-11,1,28,28,2026-09-12 23:05:03
100103002,501,11,100103,109,2026-08-12,2,42,42,2026-09-12 23:05:03
100103003,501,19,100103,113,2026-08-13,3,56,56,2026-09-12 23:05:03
100103004,501,15,100103,110,2026-08-14,4,62,62,2026-09-12 23:05:03
100103005,501,14,100103,120,2026-08-15,5,69,69,2026-09-12 23:05:03
100103006,501,20,100103,103,2026-08-16,6,77,77,2026-09-12 23:05:03
100103007,501,18,100103,105,2026-08-17,7,71,71,2026-09-12 23:05:03
100103008,501,18,100103,118,2026-08-18,8,2,2,2026-09-12 23:05:03
100103009,501,29,100103,110,2026-08-19,9,12,12,2026-09-12 23:05:03
100103010,501,10,100103,118,2026-08-20,10,31,31,2026-09-12 23:05:03
100103011,501,22,100103,112,2026-08-21,11,49,49,2026-09-12 23:05:03
100103012,501,18,100103,105,2026-08-22,12,66,66,2026-09-12 23:05:03
100103013,501,18,100103,102,2026-08-23,13,87,87,2026-09-12 23:05:03
100103014,501,12,100103,110,2026-08-24,14,17,17,2026-09-12 23:05:03
100103015,501,20,100103,103,2026-08-25,15,86,86,2026-09-12 23:05:03
100103016,501,10,100103,102,2026-08-26,16,49,49,2026-09-12 23:05:03
100103017,501,15,100103,108,2026-08-27,17,64,64,2026-09-12 23:05:03
100103018,501,12,100103,103,2026-08-28,18,46,46,2026-09-12 23:05:03
100103019,501,22,100103,108,2026-08-29,19,28,28,2026-09-12 23:05:03
100103020,501,19,100103,114,2026-08-30,20,28,28,2026-09-12 23:05:03
100103021,501,19,100103,106,2026-08-31,21,5,5,2026-09-12 23:05:03
100103022,501,23,100103,120,2026-09-01,22,54,54,2026-09-12 23:05:03
100103023,501,10,100103,105,2026-09-02,23,12,12,2026-09-12 23:05:03
100103024,501,11,100103,113,2026-09-03,24,61,61,2026-09-12 23:05:03
100103025,501,29,100103,113,2026-09-04,25,36,36,2026-09-12 23:05:03
100103026,501,13,100103,112,2026-09-05,26,96,96,2026-09-12 23:05:03
100103027,501,28,100103,108,2026-09-06,27,34,34,2026-09-12 23:05:03
100103028,501,29,100103,120,2026-09-07,28,53,53,2026-09-12 23:05:03
100103029,501,15,100103,115,2026-09-08,29,43,43,2026-09-12 23:05:03
100103030,501,24,100103,112,2026-09-09,30,78,78,2026-09-12 23:05:03
100104001,501,22,100104,110,2026-08-11,1,3,3,2026-09-12 23:05:03
100104002,501,14,100104,116,2026-08-12,2,86,86,2026-09-12 23:05:03
100104003,501,19,100104,116,2026-08-13,3,46,46,2026-09-12 23:05:03
100104004,501,23,100104,118,2026-08-14,4,65,65,2026-09-12 23:05:03
100104005,501,20,100104,102,2026-08-15,5,6,6,2026-09-12 23:05:03
100104006,501,29,100104,120,2026-08-16,6,33,33,2026-09-12 23:05:03
100104007,501,26,100104,109,2026-08-17,7,11,11,2026-09-12 23:05:03
100104008,501,21,100104,109,2026-08-18,8,18,18,2026-09-12 23:05:03
100104009,501,11,100104,118,2026-08-19,9,76,76,2026-09-12 23:05:03
100104010,501,20,100104,108,2026-08-20,10,74,74,2026-09-12 23:05:03
100104011,501,13,100104,110,2026-08-21,11,90,90,2026-09-12 23:05:03
100104012,501,23,100104,120,2026-08-22,12,65,65,2026-09-12 23:05:03
100104013,501,23,100104,102,2026-08-23,13,85,85,2026-09-12 23:05:03
100104014,501,23,100104,115,2026-08-24,14,21,21,2026-09-12 23:05:03
100104015,501,13,100104,103,2026-08-25,15,94,94,2026-09-12 23:05:03
100104016,501,21,100104,103,2026-08-26,16,9,9,2026-09-12 23:05:03
100104017,501,22,100104,107,2026-08-27,17,46,46,2026-09-12 23:05:03
100104018,501,10,100104,120,2026-08-28,18,54,54,2026-09-12 23:05:03
100104019,501,27,100104,101,2026-08-29,19,18,18,2026-09-12 23:05:03
100104020,501,16,100104,120,2026-08-30,20,12,12,2026-09-12 23:05:03
100104021,501,28,100104,117,2026-08-31,21,59,59,2026-09-12 23:05:03
100104022,501,24,100104,109,2026-09-01,22,68,68,2026-09-12 23:05:03
100104023,501,22,100104,108,2026-09-02,23,40,40,2026-09-12 23:05:03
100104024,501,29,100104,112,2026-09-03,24,67,67,2026-09-12 23:05:03
100104025,501,27,100104,108,2026-09-04,25,38,38,2026-09-12 23:05:03
100104026,501,15,100104,117,2026-09-05,26,57,57,2026-09-12 23:05:03
100104027,501,21,100104,115,2026-09-06,27,91,91,2026-09-12 23:05:03
100104028,501,15,100104,105,2026-09-07,28,29,29,2026-09-12 23:05:03
100104029,501,11,100104,110,2026-09-08,29,79,79,2026-09-12 23:05:03
100104030,501,28,100104,117,2026-09-09,30,92,92,2026-09-12 23:05:03
100105001,501,19,100105,109,2026-08-11,1,20,20,2026-09-12 23:05:03
100105002,501,15,100105,105,2026-08-12,2,67,67,2026-09-12 23:05:03
100105003,501,12,100105,114,2026-08-13,3,41,41,2026-09-12 23:05:03
100105004,501,12,100105,102,2026-08-14,4,19,19,2026-09-12 23:05:03
100105005,501,11,100105,109,2026-08-15,5,67,67,2026-09-12 23:05:03
100105006,501,26,100105,113,2026-08-16,6,37,37,2026-09-12 23:05:03
100105007,501,24,100105,113,2026-08-17,7,35,35,2026-09-12 23:05:03
100105008,501,11,100105,110,2026-08-18,8,16,16,2026-09-12 23:05:03
100105009,501,22,100105,112,2026-08-19,9,48,48,2026-09-12 23:05:03
100105010,501,11,100105,107,2026-08-20,10,34,34,2026-09-12 23:05:03
100105011,501,18,100105,107,2026-08-21,11,95,95,2026-09-12 23:05:03
100105012,501,15,100105,115,2026-08-22,12,56,56,2026-09-12 23:05:03
100105013,501,14,100105,102,2026-08-23,13,42,42,2026-09-12 23:05:03
100105014,501,23,100105,117,2026-08-24,14,79,79,2026-09-12 23:05:03
100105015,501,10,100105,105,2026-08-25,15,88,88,2026-09-12 23:05:03
100105016,501,14,100105,115,2026-08-26,16,72,72,2026-09-12 23:05:03
100105017,501,24,100105,114,2026-08-27,17,56,56,2026-09-12 23:05:03
100105018,501,20,100105,108,2026-08-28,18,48,48,2026-09-12 23:05:03
100105019,501,21,100105,109,2026-08-29,19,62,62,2026-09-12 23:05:03
100105020,501,25,100105,119,2026-08-30,20,66,66,2026-09-12 23:05:03
100105021,501,22,100105,102,2026-08-31,21,96,96,2026-09-12 23:05:03
100105022,501,23,100105,119,2026-09-01,22,10,10,2026-09-12 23:05:03
100105023,501,20,100105,103,2026-09-02,23,47,47,2026-09-12 23:05:03
100105024,501,17,100105,112,2026-09-03,24,57,57,2026-09-12 23:05:03
100105025,501,20,100105,117,2026-09-04,25,49,49,2026-09-12 23:05:03
100105026,501,26,100105,101,2026-09-05,26,26,26,2026-09-12 23:05:03
100105027,501,25,100105,107,2026-09-06,27,72,72,2026-09-12 23:05:03
100105028,501,11,100105,102,2026-09-07,28,89,89,2026-09-12 23:05:03
100105029,501,25,100105,120,2026-09-08,29,28,28,2026-09-12 23:05:03
100105030,501,11,100105,103,2026-09-09,30,20,20,2026-09-12 23:05:03
100106001,501,19,100106,114,2026-08-11,1,72,72,2026-09-12 23:05:03
100106002,501,15,100106,105,2026-08-12,2,53,53,2026-09-12 23:05:03
100106003,501,17,100106,107,2026-08-13,3,36,36,2026-09-12 23:05:03
100106004,501,13,100106,103,2026-08-14,4,52,52,2026-09-12 23:05:03
100106005,501,27,100106,104,2026-08-15,5,49,49,2026-09-12 23:05:03
100106006,501,16,100106,112,2026-08-16,6,14,14,2026-09-12 23:05:03
100106007,501,21,100106,120,2026-08-17,7,16,16,2026-09-12 23:05:03
100106008,501,27,100106,107,2026-08-18,8,42,42,2026-09-12 23:05:03
100106009,501,22,100106,107,2026-08-19,9,32,32,2026-09-12 23:05:03
100106010,501,20,100106,107,2026-08-20,10,77,77,2026-09-12 23:05:03
100106011,501,14,100106,110,2026-08-21,11,20,20,2026-09-12 23:05:03
100106012,501,10,100106,113,2026-08-22,12,42,42,2026-09-12 23:05:03
100106013,501,20,100106,118,2026-08-23,13,57,57,2026-09-12 23:05:03
100106014,501,24,100106,103,2026-08-24,14,39,39,2026-09-12 23:05:03
100106015,501,28,100106,101,2026-08-25,15,32,32,2026-09-12 23:05:03
100106016,501,22,100106,104,2026-08-26,16,70,70,2026-09-12 23:05:03
100106017,501,10,100106,113,2026-08-27,17,65,65,2026-09-12 23:05:03
100106018,501,27,100106,111,2026-08-28,18,92,92,2026-09-12 23:05:03
100106019,501,23,100106,117,2026-08-29,19,13,13,2026-09-12 23:05:03
100106020,501,15,100106,107,2026-08-30,20,28,28,2026-09-12 23:05:03
100106021,501,15,100106,106,2026-08-31,21,84,84,2026-09-12 23:05:03
100106022,501,21,100106,120,2026-09-01,22,66,66,2026-09-12 23:05:03
100106023,501,17,100106,110,2026-09-02,23,17,17,2026-09-12 23:05:03
100106024,501,24,100106,105,2026-09-03,24,48,48,2026-09-12 23:05:03
100106025,501,22,100106,101,2026-09-04,25,67,67,2026-09-12 23:05:03
100106026,501,22,100106,110,2026-09-05,26,45,45,2026-09-12 23:05:03
100106027,501,25,100106,120,2026-09-06,27,18,18,2026-09-12 23:05:03
100106028,501,15,100106,120,2026-09-07,28,79,79,2026-09-12 23:05:03
100106029,501,24,100106,111,2026-09-08,29,16,16,2026-09-12 23:05:03
100106030,501,18,100106,108,2026-09-09,30,9,9,2026-09-12 23:05:03
100107001,501,17,100107,104,2026-08-11,1,84,84,2026-09-12 23:05:03
100107002,501,16,100107,117,2026-08-12,2,86,86,2026-09-12 23:05:03
100107003,501,22,100107,116,2026-08-13,3,68,68,2026-09-12 23:05:03
100107004,501,10,100107,110,2026-08-14,4,50,50,2026-09-12 23:05:03
100107005,501,13,100107,110,2026-08-15,5,48,48,2026-09-12 23:05:03
100107006,501,29,100107,116,2026-08-16,6,22,22,2026-09-12 23:05:03
100107007,501,19,100107,102,2026-08-17,7,58,58,2026-09-12 23:05:03
100107008,501,29,100107,102,2026-08-18,8,87,87,2026-09-12 23:05:03
100107009,501,18,100107,104,2026-08-19,9,32,32,2026-09-12 23:05:03
100107010,501,10,100107,118,2026-08-20,10,7,7,2026-09-12 23:05:03
100107011,501,29,100107,113,2026-08-21,11,1,1,2026-09-12 23:05:03
100107012,501,22,100107,103,2026-08-22,12,83,83,2026-09-12 23:05:03
100107013,501,24,100107,103,2026-08-23,13,17,17,2026-09-12 23:05:03
100107014,501,22,100107,107,2026-08-24,14,59,59,2026-09-12 23:05:03
100107015,501,23,100107,110,2026-08-25,15,81,81,2026-09-12 23:05:03
100107016,501,24,100107,115,2026-08-26,16,31,31,2026-09-12 23:05:03
100107017,501,23,100107,119,2026-08-27,17,23,23,2026-09-12 23:05:03
100107018,501,22,100107,115,2026-08-28,18,92,92,2026-09-12 23:05:03
100107019,501,16,100107,117,2026-08-29,19,26,26,2026-09-12 23:05:03
100107020,501,23,100107,109,2026-08-30,20,5,5,2026-09-12 23:05:03
100107021,501,13,100107,103,2026-08-31,21,74,74,2026-09-12 23:05:03
100107022,501,15,100107,117,2026-09-01,22,74,74,2026-09-12 23:05:03
100107023,501,19,100107,101,2026-09-02,23,19,19,2026-09-12 23:05:03
100107024,501,28,100107,112,2026-09-03,24,72,72,2026-09-12 23:05:03
100107025,501,21,100107,111,2026-09-04,25,34,34,2026-09-12 23:05:03
100107026,501,21,100107,115,2026-09-05,26,89,89,2026-09-12 23:05:03
100107027,501,23,100107,106,2026-09-06,27,97,97,2026-09-12 23:05:03
100107028,501,11,100107,102,2026-09-07,28,13,13,2026-09-12 23:05:03
100107029,501,28,100107,117,2026-09-08,29,40,40,2026-09-12 23:05:03
100107030,501,20,100107,117,2026-09-09,30,22,22,2026-09-12 23:05:03
100108001,501,21,100108,120,2026-08-11,1,31,31,2026-09-12 23:05:03
100108002,501,28,100108,103,2026-08-12,2,26,26,2026-09-12 23:05:03
100108003,501,28,100108,115,2026-08-13,3,51,51,2026-09-12 23:05:03
100108004,501,23,100108,119,2026-08-14,4,2,2,2026-09-12 23:05:03
100108005,501,25,100108,115,2026-08-15,5,99,99,2026-09-12 23:05:03
100108006,501,11,100108,104,2026-08-16,6,38,38,2026-09-12 23:05:03
100108007,501,15,100108,105,2026-08-17,7,11,11,2026-09-12 23:05:03
100108008,501,17,100108,110,2026-08-18,8,15,15,2026-09-12 23:05:03
100108009,501,11,100108,112,2026-08-19,9,89,89,2026-09-12 23:05:03
100108010,501,20,100108,116,2026-08-20,10,51,51,2026-09-12 23:05:03
100108011,501,12,100108,105,2026-08-21,11,44,44,2026-09-12 23:05:03
100108012,501,16,100108,119,2026-08-22,12,7,7,2026-09-12 23:05:03
100108013,501,29,100108,106,2026-08-23,13,99,99,2026-09-12 23:05:03
100108014,501,17,100108,106,2026-08-24,14,66,66,2026-09-12 23:05:03
100108015,501,10,100108,101,2026-08-25,15,12,12,2026-09-12 23:05:03
100108016,501,27,100108,103,2026-08-26,16,100,100,2026-09-12 23:05:03
100108017,501,22,100108,118,2026-08-27,17,77,77,2026-09-12 23:05:03
100108018,501,19,100108,110,2026-08-28,18,58,58,2026-09-12 23:05:03
100108019,501,10,100108,114,2026-08-29,19,61,61,2026-09-12 23:05:03
100108020,501,17,100108,110,2026-08-30,20,11,11,2026-09-12 23:05:03
100108021,501,26,100108,109,2026-08-31,21,45,45,2026-09-12 23:05:03
100108022,501,27,100108,108,2026-09-01,22,39,39,2026-09-12 23:05:03
100108023,501,23,100108,109,2026-09-02,23,21,21,2026-09-12 23:05:03
100108024,501,15,100108,106,2026-09-03,24,26,26,2026-09-12 23:05:03
100108025,501,12,100108,115,2026-09-04,25,48,48,2026-09-12 23:05:03
100108026,501,19,100108,120,2026-09-05,26,75,75,2026-09-12 23:05:03
100108027,501,25,100108,111,2026-09-06,27,81,81,2026-09-12 23:05:03
100108028,501,12,100108,108,2026-09-07,28,9,9,2026-09-12 23:05:03
100108029,501,23,100108,118,2026-09-08,29,28,28,2026-09-12 23:05:03
100108030,501,27,100108,103,2026-09-09,30,28,28,2026-09-12 23:05:03
100109001,501,19,100109,105,2026-08-11,1,12,12,2026-09-12 23:05:03
100109002,501,28,100109,120,2026-08-12,2,91,91,2026-09-12 23:05:03
100109003,501,22,100109,110,2026-08-13,3,37,37,2026-09-12 23:05:03
100109004,501,18,100109,116,2026-08-14,4,58,58,2026-09-12 23:05:03
100109005,501,28,100109,104,2026-08-15,5,26,26,2026-09-12 23:05:03
100109006,501,13,100109,110,2026-08-16,6,84,84,2026-09-12 23:05:03
100109007,501,14,100109,112,2026-08-17,7,51,51,2026-09-12 23:05:03
100109008,501,27,100109,119,2026-08-18,8,19,19,2026-09-12 23:05:03
100109009,501,19,100109,120,2026-08-19,9,8,8,2026-09-12 23:05:03
100109010,501,20,100109,117,2026-08-20,10,41,41,2026-09-12 23:05:03
100109011,501,29,100109,110,2026-08-21,11,33,33,2026-09-12 23:05:03
100109012,501,29,100109,118,2026-08-22,12,91,91,2026-09-12 23:05:03
100109013,501,12,100109,120,2026-08-23,13,10,10,2026-09-12 23:05:03
100109014,501,14,100109,113,2026-08-24,14,16,16,2026-09-12 23:05:03
100109015,501,11,100109,109,2026-08-25,15,46,46,2026-09-12 23:05:03
100109016,501,14,100109,116,2026-08-26,16,96,96,2026-09-12 23:05:03
100109017,501,25,100109,118,2026-08-27,17,17,17,2026-09-12 23:05:03
100109018,501,28,100109,101,2026-08-28,18,55,55,2026-09-12 23:05:03
100109019,501,23,100109,105,2026-08-29,19,93,93,2026-09-12 23:05:03
100109020,501,29,100109,109,2026-08-30,20,92,92,2026-09-12 23:05:03
100109021,501,28,100109,111,2026-08-31,21,5,5,2026-09-12 23:05:03
100109022,501,21,100109,119,2026-09-01,22,11,11,2026-09-12 23:05:03
100109023,501,11,100109,112,2026-09-02,23,53,53,2026-09-12 23:05:03
100109024,501,28,100109,105,2026-09-03,24,64,64,2026-09-12 23:05:03
100109025,501,26,100109,103,2026-09-04,25,55,55,2026-09-12 23:05:03
100109026,501,15,100109,111,2026-09-05,26,97,97,2026-09-12 23:05:03
100109027,501,27,100109,119,2026-09-06,27,55,55,2026-09-12 23:05:03
100109028,501,23,100109,114,2026-09-07,28,80,80,2026-09-12 23:05:03
100109029,501,11,100109,114,2026-09-08,29,86,86,2026-09-12 23:05:03
100109030,501,11,100109,117,2026-09-09,30,19,19,2026-09-12 23:05:03
100110001,501,24,100110,110,2026-08-11,1,30,30,2026-09-12 23:05:03
100110002,501,25,100110,106,2026-08-12,2,3,3,2026-09-12 23:05:03
100110003,501,24,100110,103,2026-08-13,3,97,97,2026-09-12 23:05:03
100110004,501,26,100110,101,2026-08-14,4,72,72,2026-09-12 23:05:03
100110005,501,19,100110,105,2026-08-15,5,3,3,2026-09-12 23:05:03
100110006,501,10,100110,101,2026-08-16,6,71,71,2026-09-12 23:05:03
100110007,501,26,100110,112,2026-08-17,7,8,8,2026-09-12 23:05:03
100110008,501,14,100110,108,2026-08-18,8,27,27,2026-09-12 23:05:03
100110009,501,18,100110,102,2026-08-19,9,86,86,2026-09-12 23:05:03
100110010,501,19,100110,102,2026-08-20,10,61,61,2026-09-12 23:05:03
100110011,501,21,100110,102,2026-08-21,11,54,54,2026-09-12 23:05:03
100110012,501,23,100110,103,2026-08-22,12,80,80,2026-09-12 23:05:03
100110013,501,22,100110,107,2026-08-23,13,9,9,2026-09-12 23:05:03
100110014,501,10,100110,113,2026-08-24,14,13,13,2026-09-12 23:05:03
100110015,501,21,100110,117,2026-08-25,15,22,22,2026-09-12 23:05:03
100110016,501,23,100110,110,2026-08-26,16,96,96,2026-09-12 23:05:03
100110017,501,24,100110,118,2026-08-27,17,68,68,2026-09-12 23:05:03
100110018,501,17,100110,102,2026-08-28,18,87,87,2026-09-12 23:05:03
100110019,501,16,100110,101,2026-08-29,19,84,84,2026-09-12 23:05:03
100110020,501,23,100110,106,2026-08-30,20,30,30,2026-09-12 23:05:03
100110021,501,21,100110,117,2026-08-31,21,26,26,2026-09-12 23:05:03
100110022,501,17,100110,115,2026-09-01,22,76,76,2026-09-12 23:05:03
100110023,501,21,100110,107,2026-09-02,23,11,11,2026-09-12 23:05:03
100110024,501,29,100110,112,2026-09-03,24,3,3,2026-09-12 23:05:03
100110025,501,26,100110,118,2026-09-04,25,93,93,2026-09-12 23:05:03
100110026,501,17,100110,114,2026-09-05,26,16,16,2026-09-12 23:05:03
100110027,501,27,100110,109,2026-09-06,27,22,22,2026-09-12 23:05:03
100110028,501,25,100110,101,2026-09-07,28,75,75,2026-09-12 23:05:03
100110029,501,29,100110,111,2026-09-08,29,60,60,2026-09-12 23:05:03
100110030,501,23,100110,111,2026-09-09,30,31,31,2026-09-12 23:05:03
100501001,505,11,100501,107,2026-08-11,1,23,23,2026-09-12 23:05:03
100501002,505,13,100501,118,2026-08-12,2,26,26,2026-09-12 23:05:03
100501003,505,24,100501,114,2026-08-13,3,96,96,2026-09-12 23:05:03
100501004,505,16,100501,108,2026-08-14,4,66,66,2026-09-12 23:05:03
100501005,505,18,100501,107,2026-08-15,5,38,38,2026-09-12 23:05:03
100501006,505,14,100501,108,2026-08-16,6,56,56,2026-09-12 23:05:03
100501007,505,27,100501,108,2026-08-17,7,51,51,2026-09-12 23:05:03
100501008,505,17,100501,109,2026-08-18,8,84,84,2026-09-12 23:05:03
100501009,505,28,100501,101,2026-08-19,9,35,35,2026-09-12 23:05:03
100501010,505,25,100501,112,2026-08-20,10,73,73,2026-09-12 23:05:03
100501011,505,20,100501,118,2026-08-21,11,59,59,2026-09-12 23:05:03
100501012,505,18,100501,107,2026-08-22,12,96,96,2026-09-12 23:05:03
100501013,505,28,100501,115,2026-08-23,13,57,57,2026-09-12 23:05:03
100501014,505,22,100501,115,2026-08-24,14,3,3,2026-09-12 23:05:03
100501015,505,23,100501,107,2026-08-25,15,12,12,2026-09-12 23:05:03
100501016,505,26,100501,113,2026-08-26,16,3,3,2026-09-12 23:05:03
100501017,505,19,100501,115,2026-08-27,17,16,16,2026-09-12 23:05:03
100501018,505,12,100501,101,2026-08-28,18,69,69,2026-09-12 23:05:03
100501019,505,13,100501,117,2026-08-29,19,61,61,2026-09-12 23:05:03
100501020,505,24,100501,108,2026-08-30,20,11,11,2026-09-12 23:05:03
100501021,505,16,100501,117,2026-08-31,21,29,29,2026-09-12 23:05:03
100501022,505,18,100501,119,2026-09-01,22,17,17,2026-09-12 23:05:03
100501023,505,24,100501,108,2026-09-02,23,82,82,2026-09-12 23:05:03
100501024,505,18,100501,108,2026-09-03,24,8,8,2026-09-12 23:05:03
100501025,505,19,100501,102,2026-09-04,25,36,36,2026-09-12 23:05:03
100501026,505,16,100501,112,2026-09-05,26,55,55,2026-09-12 23:05:03
100501027,505,27,100501,115,2026-09-06,27,58,58,2026-09-12 23:05:03
100501028,505,24,100501,106,2026-09-07,28,41,41,2026-09-12 23:05:03
100501029,505,25,100501,117,2026-09-08,29,73,73,2026-09-12 23:05:03
100501030,505,26,100501,109,2026-09-09,30,52,52,2026-09-12 23:05:03
100502001,505,21,100502,101,2026-08-11,1,74,74,2026-09-12 23:05:03
100502002,505,14,100502,108,2026-08-12,2,10,10,2026-09-12 23:05:03
100502003,505,22,100502,110,2026-08-13,3,59,59,2026-09-12 23:05:03
100502004,505,19,100502,101,2026-08-14,4,53,53,2026-09-12 23:05:03
100502005,505,28,100502,110,2026-08-15,5,66,66,2026-09-12 23:05:03
100502006,505,14,100502,102,2026-08-16,6,24,24,2026-09-12 23:05:03
100502007,505,15,100502,105,2026-08-17,7,10,10,2026-09-12 23:05:03
100502008,505,15,100502,114,2026-08-18,8,36,36,2026-09-12 23:05:03
100502009,505,26,100502,115,2026-08-19,9,33,33,2026-09-12 23:05:03
100502010,505,28,100502,120,2026-08-20,10,55,55,2026-09-12 23:05:03
100502011,505,10,100502,106,2026-08-21,11,77,77,2026-09-12 23:05:03
100502012,505,12,100502,102,2026-08-22,12,46,46,2026-09-12 23:05:03
100502013,505,18,100502,114,2026-08-23,13,23,23,2026-09-12 23:05:03
100502014,505,27,100502,106,2026-08-24,14,32,32,2026-09-12 23:05:03
100502015,505,21,100502,119,2026-08-25,15,52,52,2026-09-12 23:05:03
100502016,505,14,100502,115,2026-08-26,16,39,39,2026-09-12 23:05:03
100502017,505,17,100502,109,2026-08-27,17,41,41,2026-09-12 23:05:03
100502018,505,20,100502,118,2026-08-28,18,62,62,2026-09-12 23:05:03
100502019,505,23,100502,109,2026-08-29,19,53,53,2026-09-12 23:05:03
100502020,505,14,100502,118,2026-08-30,20,53,53,2026-09-12 23:05:03
100502021,505,22,100502,116,2026-08-31,21,6,6,2026-09-12 23:05:03
100502022,505,15,100502,107,2026-09-01,22,92,92,2026-09-12 23:05:03
100502023,505,12,100502,118,2026-09-02,23,75,75,2026-09-12 23:05:03
100502024,505,16,100502,105,2026-09-03,24,80,80,2026-09-12 23:05:03
100502025,505,28,100502,115,2026-09-04,25,14,14,2026-09-12 23:05:03
100502026,505,15,100502,101,2026-09-05,26,57,57,2026-09-12 23:05:03
100502027,505,22,100502,115,2026-09-06,27,67,67,2026-09-12 23:05:03
100502028,505,23,100502,114,2026-09-07,28,89,89,2026-09-12 23:05:03
100502029,505,15,100502,106,2026-09-08,29,26,26,2026-09-12 23:05:03
100502030,505,15,100502,104,2026-09-09,30,84,84,2026-09-12 23:05:03
100503001,505,21,100503,112,2026-08-11,1,51,51,2026-09-12 23:05:03
100503002,505,29,100503,114,2026-08-12,2,50,50,2026-09-12 23:05:03
100503003,505,17,100503,119,2026-08-13,3,25,25,2026-09-12 23:05:03
100503004,505,24,100503,103,2026-08-14,4,47,47,2026-09-12 23:05:03
100503005,505,23,100503,110,2026-08-15,5,67,67,2026-09-12 23:05:03
100503006,505,29,100503,115,2026-08-16,6,93,93,2026-09-12 23:05:03
100503007,505,23,100503,114,2026-08-17,7,56,56,2026-09-12 23:05:03
100503008,505,16,100503,118,2026-08-18,8,66,66,2026-09-12 23:05:03
100503009,505,20,100503,102,2026-08-19,9,84,84,2026-09-12 23:05:03
100503010,505,24,100503,115,2026-08-20,10,6,6,2026-09-12 23:05:03
100503011,505,21,100503,116,2026-08-21,11,34,34,2026-09-12 23:05:03
100503012,505,14,100503,112,2026-08-22,12,58,58,2026-09-12 23:05:03
100503013,505,27,100503,118,2026-08-23,13,80,80,2026-09-12 23:05:03
100503014,505,12,100503,115,2026-08-24,14,68,68,2026-09-12 23:05:03
100503015,505,27,100503,104,2026-08-25,15,16,16,2026-09-12 23:05:03
100503016,505,22,100503,101,2026-08-26,16,3,3,2026-09-12 23:05:03
100503017,505,12,100503,106,2026-08-27,17,68,68,2026-09-12 23:05:03
100503018,505,24,100503,111,2026-08-28,18,97,97,2026-09-12 23:05:03
100503019,505,18,100503,119,2026-08-29,19,63,63,2026-09-12 23:05:03
100503020,505,20,100503,115,2026-08-30,20,78,78,2026-09-12 23:05:03
100503021,505,17,100503,105,2026-08-31,21,9,9,2026-09-12 23:05:03
100503022,505,29,100503,116,2026-09-01,22,71,71,2026-09-12 23:05:03
100503023,505,28,100503,118,2026-09-02,23,36,36,2026-09-12 23:05:03
100503024,505,28,100503,101,2026-09-03,24,81,81,2026-09-12 23:05:03
100503025,505,23,100503,103,2026-09-04,25,33,33,2026-09-12 23:05:03
100503026,505,16,100503,113,2026-09-05,26,70,70,2026-09-12 23:05:03
100503027,505,17,100503,118,2026-09-06,27,22,22,2026-09-12 23:05:03
100503028,505,17,100503,116,2026-09-07,28,45,45,2026-09-12 23:05:03
100503029,505,14,100503,110,2026-09-08,29,40,40,2026-09-12 23:05:03
100503030,505,25,100503,104,2026-09-09,30,21,21,2026-09-12 23:05:03
100504001,505,17,100504,115,2026-08-11,1,31,31,2026-09-12 23:05:03
100504002,505,13,100504,119,2026-08-12,2,47,47,2026-09-12 23:05:03
100504003,505,16,100504,113,2026-08-13,3,49,49,2026-09-12 23:05:03
100504004,505,13,100504,111,2026-08-14,4,75,75,2026-09-12 23:05:03
100504005,505,13,100504,108,2026-08-15,5,86,86,2026-09-12 23:05:03
100504006,505,22,100504,112,2026-08-16,6,52,52,2026-09-12 23:05:03
100504007,505,12,100504,116,2026-08-17,7,90,90,2026-09-12 23:05:03
100504008,505,15,100504,107,2026-08-18,8,67,67,2026-09-12 23:05:03
100504009,505,22,100504,119,2026-08-19,9,34,34,2026-09-12 23:05:03
100504010,505,29,100504,112,2026-08-20,10,42,42,2026-09-12 23:05:03
100504011,505,28,100504,101,2026-08-21,11,65,65,2026-09-12 23:05:03
100504012,505,11,100504,120,2026-08-22,12,60,60,2026-09-12 23:05:03
100504013,505,25,100504,105,2026-08-23,13,36,36,2026-09-12 23:05:03
100504014,505,21,100504,103,2026-08-24,14,77,77,2026-09-12 23:05:03
100504015,505,27,100504,112,2026-08-25,15,76,76,2026-09-12 23:05:03
100504016,505,14,100504,104,2026-08-26,16,42,42,2026-09-12 23:05:03
100504017,505,25,100504,120,2026-08-27,17,46,46,2026-09-12 23:05:03
100504018,505,15,100504,116,2026-08-28,18,85,85,2026-09-12 23:05:03
100504019,505,23,100504,110,2026-08-29,19,74,74,2026-09-12 23:05:03
100504020,505,25,100504,108,2026-08-30,20,54,54,2026-09-12 23:05:03
100504021,505,20,100504,110,2026-08-31,21,37,37,2026-09-12 23:05:03
100504022,505,13,100504,102,2026-09-01,22,75,75,2026-09-12 23:05:03
100504023,505,19,100504,102,2026-09-02,23,70,70,2026-09-12 23:05:03
100504024,505,24,100504,118,2026-09-03,24,52,52,2026-09-12 23:05:03
100504025,505,15,100504,120,2026-09-04,25,31,31,2026-09-12 23:05:03
100504026,505,11,100504,116,2026-09-05,26,41,41,2026-09-12 23:05:03
100504027,505,25,100504,103,2026-09-06,27,50,50,2026-09-12 23:05:03
100504028,505,22,100504,112,2026-09-07,28,86,86,2026-09-12 23:05:03
100504029,505,29,100504,114,2026-09-08,29,60,60,2026-09-12 23:05:03
100504030,505,13,100504,110,2026-09-09,30,86,86,2026-09-12 23:05:03
100505001,505,10,100505,110,2026-08-11,1,70,70,2026-09-12 23:05:03
100505002,505,16,100505,113,2026-08-12,2,44,44,2026-09-12 23:05:03
100505003,505,19,100505,114,2026-08-13,3,2,2,2026-09-12 23:05:03
100505004,505,15,100505,107,2026-08-14,4,31,31,2026-09-12 23:05:03
100505005,505,12,100505,103,2026-08-15,5,100,100,2026-09-12 23:05:03
100505006,505,20,100505,120,2026-08-16,6,38,38,2026-09-12 23:05:03
100505007,505,28,100505,111,2026-08-17,7,11,11,2026-09-12 23:05:03
100505008,505,27,100505,103,2026-08-18,8,7,7,2026-09-12 23:05:03
100505009,505,12,100505,111,2026-08-19,9,19,19,2026-09-12 23:05:03
100505010,505,16,100505,103,2026-08-20,10,6,6,2026-09-12 23:05:03
100505011,505,23,100505,115,2026-08-21,11,37,37,2026-09-12 23:05:03
100505012,505,12,100505,112,2026-08-22,12,45,45,2026-09-12 23:05:03
100505013,505,17,100505,113,2026-08-23,13,82,82,2026-09-12 23:05:03
100505014,505,20,100505,113,2026-08-24,14,66,66,2026-09-12 23:05:03
100505015,505,19,100505,109,2026-08-25,15,55,55,2026-09-12 23:05:03
100505016,505,24,100505,120,2026-08-26,16,64,64,2026-09-12 23:05:03
100505017,505,10,100505,111,2026-08-27,17,19,19,2026-09-12 23:05:03
100505018,505,10,100505,112,2026-08-28,18,76,76,2026-09-12 23:05:03
100505019,505,18,100505,101,2026-08-29,19,2,2,2026-09-12 23:05:03
100505020,505,26,100505,117,2026-08-30,20,95,95,2026-09-12 23:05:03
100505021,505,24,100505,114,2026-08-31,21,48,48,2026-09-12 23:05:03
100505022,505,16,100505,111,2026-09-01,22,67,67,2026-09-12 23:05:03
100505023,505,11,100505,101,2026-09-02,23,9,9,2026-09-12 23:05:03
100505024,505,27,100505,110,2026-09-03,24,91,91,2026-09-12 23:05:03
100505025,505,28,100505,108,2026-09-04,25,38,38,2026-09-12 23:05:03
100505026,505,14,100505,101,2026-09-05,26,88,88,2026-09-12 23:05:03
100505027,505,26,100505,103,2026-09-06,27,88,88,2026-09-12 23:05:03
100505028,505,20,100505,115,2026-09-07,28,65,65,2026-09-12 23:05:03
100505029,505,11,100505,101,2026-09-08,29,13,13,2026-09-12 23:05:03
100505030,505,26,100505,119,2026-09-09,30,12,12,2026-09-12 23:05:03
100506001,505,10,100506,102,2026-08-11,1,91,91,2026-09-12 23:05:03
100506002,505,20,100506,112,2026-08-12,2,23,23,2026-09-12 23:05:03
100506003,505,13,100506,109,2026-08-13,3,86,86,2026-09-12 23:05:03
100506004,505,21,100506,114,2026-08-14,4,13,13,2026-09-12 23:05:03
100506005,505,19,100506,108,2026-08-15,5,4,4,2026-09-12 23:05:03
100506006,505,24,100506,119,2026-08-16,6,94,94,2026-09-12 23:05:03
100506007,505,18,100506,101,2026-08-17,7,31,31,2026-09-12 23:05:03
100506008,505,13,100506,111,2026-08-18,8,7,7,2026-09-12 23:05:03
100506009,505,22,100506,117,2026-08-19,9,55,55,2026-09-12 23:05:03
100506010,505,21,100506,109,2026-08-20,10,20,20,2026-09-12 23:05:03
100506011,505,27,100506,109,2026-08-21,11,28,28,2026-09-12 23:05:03
100506012,505,21,100506,118,2026-08-22,12,64,64,2026-09-12 23:05:03
100506013,505,29,100506,111,2026-08-23,13,70,70,2026-09-12 23:05:03
100506014,505,20,100506,115,2026-08-24,14,90,90,2026-09-12 23:05:03
100506015,505,15,100506,111,2026-08-25,15,25,25,2026-09-12 23:05:03
100506016,505,13,100506,103,2026-08-26,16,63,63,2026-09-12 23:05:03
100506017,505,14,100506,101,2026-08-27,17,54,54,2026-09-12 23:05:03
100506018,505,11,100506,105,2026-08-28,18,6,6,2026-09-12 23:05:03
100506019,505,11,100506,112,2026-08-29,19,73,73,2026-09-12 23:05:03
100506020,505,18,100506,106,2026-08-30,20,19,19,2026-09-12 23:05:03
100506021,505,22,100506,110,2026-08-31,21,63,63,2026-09-12 23:05:03
100506022,505,16,100506,114,2026-09-01,22,91,91,2026-09-12 23:05:03
100506023,505,14,100506,106,2026-09-02,23,98,98,2026-09-12 23:05:03
100506024,505,27,100506,108,2026-09-03,24,72,72,2026-09-12 23:05:03
100506025,505,12,100506,118,2026-09-04,25,23,23,2026-09-12 23:05:03
100506026,505,24,100506,114,2026-09-05,26,44,44,2026-09-12 23:05:03
100506027,505,13,100506,110,2026-09-06,27,40,40,2026-09-12 23:05:03
100506028,505,22,100506,114,2026-09-07,28,86,86,2026-09-12 23:05:03
100506029,505,27,100506,120,2026-09-08,29,2,2,2026-09-12 23:05:03
100506030,505,14,100506,117,2026-09-09,30,40,40,2026-09-12 23:05:03
100507001,505,13,100507,106,2026-08-11,1,73,73,2026-09-12 23:05:03
100507002,505,18,100507,117,2026-08-12,2,26,26,2026-09-12 23:05:03
100507003,505,16,100507,109,2026-08-13,3,56,56,2026-09-12 23:05:03
100507004,505,10,100507,118,2026-08-14,4,89,89,2026-09-12 23:05:03
100507005,505,27,100507,105,2026-08-15,5,88,88,2026-09-12 23:05:03
100507006,505,12,100507,102,2026-08-16,6,54,54,2026-09-12 23:05:03
100507007,505,29,100507,108,2026-08-17,7,36,36,2026-09-12 23:05:03
100507008,505,28,100507,117,2026-08-18,8,47,47,2026-09-12 23:05:03
100507009,505,20,100507,108,2026-08-19,9,42,42,2026-09-12 23:05:03
100507010,505,13,100507,102,2026-08-20,10,80,80,2026-09-12 23:05:03
100507011,505,20,100507,106,2026-08-21,11,23,23,2026-09-12 23:05:03
100507012,505,14,100507,112,2026-08-22,12,54,54,2026-09-12 23:05:03
100507013,505,14,100507,107,2026-08-23,13,65,65,2026-09-12 23:05:03
100507014,505,24,100507,108,2026-08-24,14,47,47,2026-09-12 23:05:03
100507015,505,18,100507,101,2026-08-25,15,83,83,2026-09-12 23:05:03
100507016,505,29,100507,112,2026-08-26,16,40,40,2026-09-12 23:05:03
100507017,505,21,100507,105,2026-08-27,17,49,49,2026-09-12 23:05:03
100507018,505,13,100507,101,2026-08-28,18,48,48,2026-09-12 23:05:03
100507019,505,13,100507,119,2026-08-29,19,13,13,2026-09-12 23:05:03
100507020,505,10,100507,120,2026-08-30,20,100,100,2026-09-12 23:05:03
100507021,505,20,100507,116,2026-08-31,21,74,74,2026-09-12 23:05:03
100507022,505,21,100507,110,2026-09-01,22,24,24,2026-09-12 23:05:03
100507023,505,20,100507,114,2026-09-02,23,29,29,2026-09-12 23:05:03
100507024,505,15,100507,116,2026-09-03,24,22,22,2026-09-12 23:05:03
100507025,505,15,100507,113,2026-09-04,25,69,69,2026-09-12 23:05:03
100507026,505,20,100507,119,2026-09-05,26,75,75,2026-09-12 23:05:03
100507027,505,13,100507,110,2026-09-06,27,35,35,2026-09-12 23:05:03
100507028,505,21,100507,114,2026-09-07,28,29,29,2026-09-12 23:05:03
100507029,505,15,100507,116,2026-09-08,29,3,3,2026-09-12 23:05:03
100507030,505,17,100507,115,2026-09-09,30,9,9,2026-09-12 23:05:03
100508001,505,23,100508,118,2026-08-11,1,3,3,2026-09-12 23:05:03
100508002,505,27,100508,117,2026-08-12,2,81,81,2026-09-12 23:05:03
100508003,505,13,100508,111,2026-08-13,3,98,98,2026-09-12 23:05:03
100508004,505,23,100508,113,2026-08-14,4,47,47,2026-09-12 23:05:03
100508005,505,21,100508,102,2026-08-15,5,19,19,2026-09-12 23:05:03
100508006,505,23,100508,103,2026-08-16,6,51,51,2026-09-12 23:05:03
100508007,505,25,100508,120,2026-08-17,7,14,14,2026-09-12 23:05:03
100508008,505,21,100508,103,2026-08-18,8,7,7,2026-09-12 23:05:03
100508009,505,13,100508,120,2026-08-19,9,19,19,2026-09-12 23:05:03
100508010,505,20,100508,120,2026-08-20,10,87,87,2026-09-12 23:05:03
100508011,505,14,100508,114,2026-08-21,11,84,84,2026-09-12 23:05:03
100508012,505,15,100508,110,2026-08-22,12,46,46,2026-09-12 23:05:03
100508013,505,17,100508,116,2026-08-23,13,92,92,2026-09-12 23:05:03
100508014,505,15,100508,112,2026-08-24,14,76,76,2026-09-12 23:05:03
100508015,505,18,100508,105,2026-08-25,15,21,21,2026-09-12 23:05:03
100508016,505,18,100508,116,2026-08-26,16,70,70,2026-09-12 23:05:03
100508017,505,11,100508,116,2026-08-27,17,24,24,2026-09-12 23:05:03
100508018,505,23,100508,106,2026-08-28,18,81,81,2026-09-12 23:05:03
100508019,505,17,100508,104,2026-08-29,19,16,16,2026-09-12 23:05:03
100508020,505,23,100508,120,2026-08-30,20,64,64,2026-09-12 23:05:03
100508021,505,24,100508,105,2026-08-31,21,87,87,2026-09-12 23:05:03
100508022,505,17,100508,111,2026-09-01,22,12,12,2026-09-12 23:05:03
100508023,505,27,100508,119,2026-09-02,23,97,97,2026-09-12 23:05:03
100508024,505,21,100508,117,2026-09-03,24,49,49,2026-09-12 23:05:03
100508025,505,21,100508,116,2026-09-04,25,73,73,2026-09-12 23:05:03
100508026,505,29,100508,105,2026-09-05,26,47,47,2026-09-12 23:05:03
100508027,505,20,100508,104,2026-09-06,27,95,95,2026-09-12 23:05:03
100508028,505,10,100508,111,2026-09-07,28,94,94,2026-09-12 23:05:03
100508029,505,26,100508,103,2026-09-08,29,58,58,2026-09-12 23:05:03
100508030,505,20,100508,102,2026-09-09,30,22,22,2026-09-12 23:05:03
100509001,505,29,100509,116,2026-08-11,1,90,90,2026-09-12 23:05:03
100509002,505,22,100509,111,2026-08-12,2,39,39,2026-09-12 23:05:03
100509003,505,12,100509,111,2026-08-13,3,33,33,2026-09-12 23:05:03
100509004,505,19,100509,114,2026-08-14,4,74,74,2026-09-12 23:05:03
100509005,505,21,100509,119,2026-08-15,5,38,38,2026-09-12 23:05:03
100509006,505,18,100509,113,2026-08-16,6,6,6,2026-09-12 23:05:03
100509007,505,10,100509,104,2026-08-17,7,25,25,2026-09-12 23:05:03
100509008,505,26,100509,107,2026-08-18,8,67,67,2026-09-12 23:05:03
100509009,505,24,100509,113,2026-08-19,9,53,53,2026-09-12 23:05:03
100509010,505,22,100509,116,2026-08-20,10,67,67,2026-09-12 23:05:03
100509011,505,19,100509,115,2026-08-21,11,68,68,2026-09-12 23:05:03
100509012,505,22,100509,119,2026-08-22,12,41,41,2026-09-12 23:05:03
100509013,505,26,100509,108,2026-08-23,13,52,52,2026-09-12 23:05:03
100509014,505,27,100509,112,2026-08-24,14,95,95,2026-09-12 23:05:03
100509015,505,23,100509,118,2026-08-25,15,7,7,2026-09-12 23:05:03
100509016,505,27,100509,107,2026-08-26,16,86,86,2026-09-12 23:05:03
100509017,505,12,100509,118,2026-08-27,17,15,15,2026-09-12 23:05:03
100509018,505,19,100509,120,2026-08-28,18,13,13,2026-09-12 23:05:03
100509019,505,10,100509,108,2026-08-29,19,81,81,2026-09-12 23:05:03
100509020,505,24,100509,111,2026-08-30,20,4,4,2026-09-12 23:05:03
100509021,505,17,100509,109,2026-08-31,21,85,85,2026-09-12 23:05:03
100509022,505,25,100509,117,2026-09-01,22,41,41,2026-09-12 23:05:03
100509023,505,14,100509,116,2026-09-02,23,75,75,2026-09-12 23:05:03
100509024,505,26,100509,104,2026-09-03,24,28,28,2026-09-12 23:05:03
100509025,505,26,100509,107,2026-09-04,25,53,53,2026-09-12 23:05:03
100509026,505,21,100509,114,2026-09-05,26,35,35,2026-09-12 23:05:03
100509027,505,19,100509,113,2026-09-06,27,38,38,2026-09-12 23:05:03
100509028,505,27,100509,120,2026-09-07,28,90,90,2026-09-12 23:05:03
100509029,505,15,100509,102,2026-09-08,29,14,14,2026-09-12 23:05:03
100509030,505,19,100509,117,2026-09-09,30,31,31,2026-09-12 23:05:03
100510001,505,17,100510,110,2026-08-11,1,61,61,2026-09-12 23:05:03
100510002,505,27,100510,118,2026-08-12,2,66,66,2026-09-12 23:05:03
100510003,505,11,100510,107,2026-08-13,3,63,63,2026-09-12 23:05:03
100510004,505,16,100510,103,2026-08-14,4,37,37,2026-09-12 23:05:03
100510005,505,24,100510,106,2026-08-15,5,45,45,2026-09-12 23:05:03
100510006,505,25,100510,117,2026-08-16,6,58,58,2026-09-12 23:05:03
100510007,505,22,100510,110,2026-08-17,7,52,52,2026-09-12 23:05:03
100510008,505,27,100510,103,2026-08-18,8,26,26,2026-09-12 23:05:03
100510009,505,23,100510,113,2026-08-19,9,13,13,2026-09-12 23:05:03
100510010,505,10,100510,118,2026-08-20,10,87,87,2026-09-12 23:05:03
100510011,505,19,100510,107,2026-08-21,11,57,57,2026-09-12 23:05:03
100510012,505,29,100510,120,2026-08-22,12,92,92,2026-09-12 23:05:03
100510013,505,26,100510,101,2026-08-23,13,87,87,2026-09-12 23:05:03
100510014,505,11,100510,111,2026-08-24,14,41,41,2026-09-12 23:05:03
100510015,505,29,100510,108,2026-08-25,15,35,35,2026-09-12 23:05:03
100510016,505,29,100510,119,2026-08-26,16,50,50,2026-09-12 23:05:03
100510017,505,27,100510,105,2026-08-27,17,77,77,2026-09-12 23:05:03
100510018,505,24,100510,104,2026-08-28,18,60,60,2026-09-12 23:05:03
100510019,505,24,100510,109,2026-08-29,19,19,19,2026-09-12 23:05:03
100510020,505,18,100510,117,2026-08-30,20,76,76,2026-09-12 23:05:03
100510021,505,14,100510,116,2026-08-31,21,48,48,2026-09-12 23:05:03
100510022,505,26,100510,101,2026-09-01,22,75,75,2026-09-12 23:05:03
100510023,505,13,100510,114,2026-09-02,23,79,79,2026-09-12 23:05:03
100510024,505,20,100510,110,2026-09-03,24,25,25,2026-09-12 23:05:03
100510025,505,17,100510,108,2026-09-04,25,34,34,2026-09-12 23:05:03
100510026,505,18,100510,111,2026-09-05,26,28,28,2026-09-12 23:05:03
100510027,505,23,100510,107,2026-09-06,27,50,50,2026-09-12 23:05:03
100510028,505,26,100510,120,2026-09-07,28,49,49,2026-09-12 23:05:03
100510029,505,26,100510,119,2026-09-08,29,51,51,2026-09-12 23:05:03
100510030,505,11,100510,106,2026-09-09,30,97,97,2026-09-12 23:05:03
100901001,509,27,100901,109,2026-08-11,1,88,88,2026-09-12 23:05:03
100901002,509,10,100901,106,2026-08-12,2,38,38,2026-09-12 23:05:03
100901003,509,11,100901,116,2026-08-13,3,97,97,2026-09-12 23:05:03
100901004,509,16,100901,114,2026-08-14,4,77,77,2026-09-12 23:05:03
100901005,509,14,100901,112,2026-08-15,5,70,70,2026-09-12 23:05:03
100901006,509,16,100901,107,2026-08-16,6,80,80,2026-09-12 23:05:03
100901007,509,16,100901,107,2026-08-17,7,90,90,2026-09-12 23:05:03
100901008,509,16,100901,110,2026-08-18,8,42,42,2026-09-12 23:05:03
100901009,509,29,100901,103,2026-08-19,9,2,2,2026-09-12 23:05:03
100901010,509,24,100901,106,2026-08-20,10,14,14,2026-09-12 23:05:03
100901011,509,16,100901,116,2026-08-21,11,67,67,2026-09-12 23:05:03
100901012,509,10,100901,117,2026-08-22,12,92,92,2026-09-12 23:05:03
100901013,509,25,100901,107,2026-08-23,13,77,77,2026-09-12 23:05:03
100901014,509,16,100901,108,2026-08-24,14,38,38,2026-09-12 23:05:03
100901015,509,17,100901,108,2026-08-25,15,92,92,2026-09-12 23:05:03
100901016,509,22,100901,119,2026-08-26,16,23,23,2026-09-12 23:05:03
100901017,509,22,100901,117,2026-08-27,17,42,42,2026-09-12 23:05:03
100901018,509,26,100901,120,2026-08-28,18,74,74,2026-09-12 23:05:03
100901019,509,10,100901,109,2026-08-29,19,47,47,2026-09-12 23:05:03
100901020,509,28,100901,107,2026-08-30,20,59,59,2026-09-12 23:05:03
100901021,509,23,100901,120,2026-08-31,21,63,63,2026-09-12 23:05:03
100901022,509,10,100901,105,2026-09-01,22,12,12,2026-09-12 23:05:03
100901023,509,14,100901,108,2026-09-02,23,99,99,2026-09-12 23:05:03
100901024,509,18,100901,101,2026-09-03,24,44,44,2026-09-12 23:05:03
100901025,509,11,100901,109,2026-09-04,25,9,9,2026-09-12 23:05:03
100901026,509,17,100901,101,2026-09-05,26,26,26,2026-09-12 23:05:03
100901027,509,10,100901,108,2026-09-06,27,19,19,2026-09-12 23:05:03
100901028,509,17,100901,115,2026-09-07,28,35,35,2026-09-12 23:05:03
100901029,509,23,100901,118,2026-09-08,29,22,22,2026-09-12 23:05:03
100901030,509,25,100901,114,2026-09-09,30,18,18,2026-09-12 23:05:03
100902001,509,29,100902,119,2026-08-11,1,5,5,2026-09-12 23:05:03
100902002,509,27,100902,110,2026-08-12,2,35,35,2026-09-12 23:05:03
100902003,509,27,100902,118,2026-08-13,3,36,36,2026-09-12 23:05:03
100902004,509,13,100902,119,2026-08-14,4,33,33,2026-09-12 23:05:03
100902005,509,13,100902,113,2026-08-15,5,71,71,2026-09-12 23:05:03
100902006,509,20,100902,103,2026-08-16,6,47,47,2026-09-12 23:05:03
100902007,509,25,100902,102,2026-08-17,7,15,15,2026-09-12 23:05:03
100902008,509,29,100902,117,2026-08-18,8,86,86,2026-09-12 23:05:03
100902009,509,11,100902,107,2026-08-19,9,65,65,2026-09-12 23:05:03
100902010,509,29,100902,120,2026-08-20,10,38,38,2026-09-12 23:05:03
100902011,509,23,100902,118,2026-08-21,11,15,15,2026-09-12 23:05:03
100902012,509,26,100902,108,2026-08-22,12,43,43,2026-09-12 23:05:03
100902013,509,16,100902,105,2026-08-23,13,15,15,2026-09-12 23:05:03
100902014,509,25,100902,116,2026-08-24,14,70,70,2026-09-12 23:05:03
100902015,509,16,100902,120,2026-08-25,15,33,33,2026-09-12 23:05:03
100902016,509,10,100902,119,2026-08-26,16,80,80,2026-09-12 23:05:03
100902017,509,22,100902,101,2026-08-27,17,100,100,2026-09-12 23:05:03
100902018,509,24,100902,112,2026-08-28,18,56,56,2026-09-12 23:05:03
100902019,509,14,100902,120,2026-08-29,19,60,60,2026-09-12 23:05:03
100902020,509,17,100902,103,2026-08-30,20,82,82,2026-09-12 23:05:03
100902021,509,23,100902,104,2026-08-31,21,43,43,2026-09-12 23:05:03
100902022,509,12,100902,117,2026-09-01,22,79,79,2026-09-12 23:05:03
100902023,509,28,100902,118,2026-09-02,23,75,75,2026-09-12 23:05:03
100902024,509,25,100902,114,2026-09-03,24,37,37,2026-09-12 23:05:03
100902025,509,12,100902,104,2026-09-04,25,37,37,2026-09-12 23:05:03
100902026,509,26,100902,118,2026-09-05,26,55,55,2026-09-12 23:05:03
100902027,509,17,100902,114,2026-09-06,27,18,18,2026-09-12 23:05:03
100902028,509,17,100902,101,2026-09-07,28,95,95,2026-09-12 23:05:03
100902029,509,19,100902,117,2026-09-08,29,8,8,2026-09-12 23:05:03
100902030,509,19,100902,116,2026-09-09,30,16,16,2026-09-12 23:05:03
100903001,509,29,100903,116,2026-08-11,1,37,37,2026-09-12 23:05:03
100903002,509,26,100903,106,2026-08-12,2,5,5,2026-09-12 23:05:03
100903003,509,27,100903,117,2026-08-13,3,69,69,2026-09-12 23:05:03
100903004,509,29,100903,107,2026-08-14,4,16,16,2026-09-12 23:05:03
100903005,509,16,100903,102,2026-08-15,5,71,71,2026-09-12 23:05:03
100903006,509,27,100903,113,2026-08-16,6,38,38,2026-09-12 23:05:03
100903007,509,23,100903,116,2026-08-17,7,57,57,2026-09-12 23:05:03
100903008,509,24,100903,103,2026-08-18,8,18,18,2026-09-12 23:05:03
100903009,509,17,100903,101,2026-08-19,9,50,50,2026-09-12 23:05:03
100903010,509,24,100903,105,2026-08-20,10,47,47,2026-09-12 23:05:03
100903011,509,14,100903,101,2026-08-21,11,65,65,2026-09-12 23:05:03
100903012,509,28,100903,113,2026-08-22,12,60,60,2026-09-12 23:05:03
100903013,509,19,100903,120,2026-08-23,13,44,44,2026-09-12 23:05:03
100903014,509,22,100903,108,2026-08-24,14,73,73,2026-09-12 23:05:03
100903015,509,19,100903,116,2026-08-25,15,61,61,2026-09-12 23:05:03
100903016,509,22,100903,116,2026-08-26,16,36,36,2026-09-12 23:05:03
100903017,509,24,100903,103,2026-08-27,17,77,77,2026-09-12 23:05:03
100903018,509,25,100903,109,2026-08-28,18,86,86,2026-09-12 23:05:03
100903019,509,14,100903,105,2026-08-29,19,84,84,2026-09-12 23:05:03
100903020,509,14,100903,103,2026-08-30,20,7,7,2026-09-12 23:05:03
100903021,509,21,100903,105,2026-08-31,21,7,7,2026-09-12 23:05:03
100903022,509,13,100903,119,2026-09-01,22,49,49,2026-09-12 23:05:03
100903023,509,24,100903,111,2026-09-02,23,35,35,2026-09-12 23:05:03
100903024,509,14,100903,113,2026-09-03,24,92,92,2026-09-12 23:05:03
100903025,509,27,100903,112,2026-09-04,25,48,48,2026-09-12 23:05:03
100903026,509,16,100903,113,2026-09-05,26,11,11,2026-09-12 23:05:03
100903027,509,10,100903,118,2026-09-06,27,23,23,2026-09-12 23:05:03
100903028,509,27,100903,116,2026-09-07,28,77,77,2026-09-12 23:05:03
100903029,509,13,100903,120,2026-09-08,29,96,96,2026-09-12 23:05:03
100903030,509,14,100903,105,2026-09-09,30,80,80,2026-09-12 23:05:03
100904001,509,21,100904,109,2026-08-11,1,92,92,2026-09-12 23:05:03
100904002,509,29,100904,113,2026-08-12,2,45,45,2026-09-12 23:05:03
100904003,509,19,100904,114,2026-08-13,3,36,36,2026-09-12 23:05:03
100904004,509,10,100904,109,2026-08-14,4,11,11,2026-09-12 23:05:03
100904005,509,11,100904,105,2026-08-15,5,75,75,2026-09-12 23:05:03
100904006,509,13,100904,120,2026-08-16,6,64,64,2026-09-12 23:05:03
100904007,509,22,100904,115,2026-08-17,7,8,8,2026-09-12 23:05:03
100904008,509,23,100904,110,2026-08-18,8,40,40,2026-09-12 23:05:03
100904009,509,21,100904,108,2026-08-19,9,51,51,2026-09-12 23:05:03
100904010,509,24,100904,112,2026-08-20,10,8,8,2026-09-12 23:05:03
100904011,509,27,100904,118,2026-08-21,11,16,16,2026-09-12 23:05:03
100904012,509,14,100904,111,2026-08-22,12,30,30,2026-09-12 23:05:03
100904013,509,12,100904,110,2026-08-23,13,54,54,2026-09-12 23:05:03
100904014,509,28,100904,108,2026-08-24,14,59,59,2026-09-12 23:05:03
100904015,509,13,100904,106,2026-08-25,15,67,67,2026-09-12 23:05:03
100904016,509,17,100904,111,2026-08-26,16,16,16,2026-09-12 23:05:03
100904017,509,24,100904,106,2026-08-27,17,57,57,2026-09-12 23:05:03
100904018,509,12,100904,109,2026-08-28,18,28,28,2026-09-12 23:05:03
100904019,509,16,100904,115,2026-08-29,19,47,47,2026-09-12 23:05:03
100904020,509,27,100904,107,2026-08-30,20,64,64,2026-09-12 23:05:03
100904021,509,12,100904,111,2026-08-31,21,67,67,2026-09-12 23:05:03
100904022,509,23,100904,114,2026-09-01,22,90,90,2026-09-12 23:05:03
100904023,509,17,100904,104,2026-09-02,23,69,69,2026-09-12 23:05:03
100904024,509,25,100904,113,2026-09-03,24,32,32,2026-09-12 23:05:03
100904025,509,10,100904,104,2026-09-04,25,50,50,2026-09-12 23:05:03
100904026,509,14,100904,113,2026-09-05,26,7,7,2026-09-12 23:05:03
100904027,509,15,100904,119,2026-09-06,27,92,92,2026-09-12 23:05:03
100904028,509,14,100904,103,2026-09-07,28,16,16,2026-09-12 23:05:03
100904029,509,24,100904,111,2026-09-08,29,95,95,2026-09-12 23:05:03
100904030,509,23,100904,117,2026-09-09,30,68,68,2026-09-12 23:05:03
100905001,509,13,100905,107,2026-08-11,1,12,12,2026-09-12 23:05:03
100905002,509,10,100905,106,2026-08-12,2,4,4,2026-09-12 23:05:03
100905003,509,27,100905,102,2026-08-13,3,62,62,2026-09-12 23:05:03
100905004,509,12,100905,108,2026-08-14,4,37,37,2026-09-12 23:05:03
100905005,509,16,100905,107,2026-08-15,5,66,66,2026-09-12 23:05:03
100905006,509,11,100905,115,2026-08-16,6,52,52,2026-09-12 23:05:03
100905007,509,22,100905,105,2026-08-17,7,19,19,2026-09-12 23:05:03
100905008,509,14,100905,116,2026-08-18,8,85,85,2026-09-12 23:05:03
100905009,509,11,100905,108,2026-08-19,9,51,51,2026-09-12 23:05:03
100905010,509,12,100905,111,2026-08-20,10,56,56,2026-09-12 23:05:03
100905011,509,29,100905,111,2026-08-21,11,93,93,2026-09-12 23:05:03
100905012,509,12,100905,112,2026-08-22,12,97,97,2026-09-12 23:05:03
100905013,509,13,100905,102,2026-08-23,13,3,3,2026-09-12 23:05:03
100905014,509,13,100905,112,2026-08-24,14,5,5,2026-09-12 23:05:03
100905015,509,22,100905,101,2026-08-25,15,92,92,2026-09-12 23:05:03
100905016,509,14,100905,119,2026-08-26,16,33,33,2026-09-12 23:05:03
100905017,509,18,100905,106,2026-08-27,17,29,29,2026-09-12 23:05:03
100905018,509,15,100905,115,2026-08-28,18,10,10,2026-09-12 23:05:03
100905019,509,21,100905,119,2026-08-29,19,34,34,2026-09-12 23:05:03
100905020,509,11,100905,117,2026-08-30,20,46,46,2026-09-12 23:05:03
100905021,509,27,100905,101,2026-08-31,21,38,38,2026-09-12 23:05:03
100905022,509,11,100905,109,2026-09-01,22,44,44,2026-09-12 23:05:03
100905023,509,20,100905,104,2026-09-02,23,37,37,2026-09-12 23:05:03
100905024,509,21,100905,106,2026-09-03,24,22,22,2026-09-12 23:05:03
100905025,509,11,100905,102,2026-09-04,25,17,17,2026-09-12 23:05:03
100905026,509,23,100905,119,2026-09-05,26,28,28,2026-09-12 23:05:03
100905027,509,24,100905,103,2026-09-06,27,88,88,2026-09-12 23:05:03
100905028,509,28,100905,101,2026-09-07,28,27,27,2026-09-12 23:05:03
100905029,509,12,100905,115,2026-09-08,29,32,32,2026-09-12 23:05:03
100905030,509,29,100905,110,2026-09-09,30,32,32,2026-09-12 23:05:03
100906001,509,21,100906,111,2026-08-11,1,85,85,2026-09-12 23:05:03
100906002,509,21,100906,112,2026-08-12,2,19,19,2026-09-12 23:05:03
100906003,509,22,100906,119,2026-08-13,3,39,39,2026-09-12 23:05:03
100906004,509,10,100906,108,2026-08-14,4,78,78,2026-09-12 23:05:03
100906005,509,22,100906,105,2026-08-15,5,74,74,2026-09-12 23:05:03
100906006,509,16,100906,112,2026-08-16,6,1,1,2026-09-12 23:05:03
100906007,509,25,100906,101,2026-08-17,7,3,3,2026-09-12 23:05:03
100906008,509,19,100906,114,2026-08-18,8,76,76,2026-09-12 23:05:03
100906009,509,22,100906,120,2026-08-19,9,99,99,2026-09-12 23:05:03
100906010,509,27,100906,113,2026-08-20,10,2,2,2026-09-12 23:05:03
100906011,509,15,100906,116,2026-08-21,11,64,64,2026-09-12 23:05:03
100906012,509,29,100906,102,2026-08-22,12,9,9,2026-09-12 23:05:03
100906013,509,17,100906,104,2026-08-23,13,46,46,2026-09-12 23:05:03
100906014,509,24,100906,104,2026-08-24,14,100,100,2026-09-12 23:05:03
100906015,509,12,100906,117,2026-08-25,15,47,47,2026-09-12 23:05:03
100906016,509,11,100906,101,2026-08-26,16,43,43,2026-09-12 23:05:03
100906017,509,16,100906,109,2026-08-27,17,35,35,2026-09-12 23:05:03
100906018,509,14,100906,117,2026-08-28,18,14,14,2026-09-12 23:05:03
100906019,509,10,100906,104,2026-08-29,19,25,25,2026-09-12 23:05:03
100906020,509,12,100906,110,2026-08-30,20,66,66,2026-09-12 23:05:03
100906021,509,20,100906,115,2026-08-31,21,49,49,2026-09-12 23:05:03
100906022,509,10,100906,102,2026-09-01,22,2,2,2026-09-12 23:05:03
100906023,509,12,100906,108,2026-09-02,23,19,19,2026-09-12 23:05:03
100906024,509,13,100906,104,2026-09-03,24,88,88,2026-09-12 23:05:03
100906025,509,27,100906,110,2026-09-04,25,77,77,2026-09-12 23:05:03
100906026,509,14,100906,117,2026-09-05,26,10,10,2026-09-12 23:05:03
100906027,509,24,100906,114,2026-09-06,27,8,8,2026-09-12 23:05:03
100906028,509,20,100906,120,2026-09-07,28,23,23,2026-09-12 23:05:03
100906029,509,17,100906,102,2026-09-08,29,37,37,2026-09-12 23:05:03
100906030,509,23,100906,111,2026-09-09,30,29,29,2026-09-12 23:05:03
100907001,509,24,100907,104,2026-08-11,1,58,58,2026-09-12 23:05:03
100907002,509,13,100907,108,2026-08-12,2,79,79,2026-09-12 23:05:03
100907003,509,29,100907,120,2026-08-13,3,36,36,2026-09-12 23:05:03
100907004,509,21,100907,118,2026-08-14,4,70,70,2026-09-12 23:05:03
100907005,509,15,100907,118,2026-08-15,5,75,75,2026-09-12 23:05:03
100907006,509,11,100907,111,2026-08-16,6,10,10,2026-09-12 23:05:03
100907007,509,29,100907,111,2026-08-17,7,86,86,2026-09-12 23:05:03
100907008,509,10,100907,116,2026-08-18,8,86,86,2026-09-12 23:05:03
100907009,509,23,100907,102,2026-08-19,9,1,1,2026-09-12 23:05:03
100907010,509,15,100907,115,2026-08-20,10,4,4,2026-09-12 23:05:03
100907011,509,16,100907,105,2026-08-21,11,68,68,2026-09-12 23:05:03
100907012,509,11,100907,118,2026-08-22,12,85,85,2026-09-12 23:05:03
100907013,509,29,100907,105,2026-08-23,13,75,75,2026-09-12 23:05:03
100907014,509,20,100907,106,2026-08-24,14,26,26,2026-09-12 23:05:03
100907015,509,16,100907,108,2026-08-25,15,76,76,2026-09-12 23:05:03
100907016,509,11,100907,110,2026-08-26,16,21,21,2026-09-12 23:05:03
100907017,509,11,100907,109,2026-08-27,17,96,96,2026-09-12 23:05:03
100907018,509,22,100907,103,2026-08-28,18,69,69,2026-09-12 23:05:03
100907019,509,17,100907,108,2026-08-29,19,97,97,2026-09-12 23:05:03
100907020,509,21,100907,104,2026-08-30,20,41,41,2026-09-12 23:05:03
100907021,509,22,100907,120,2026-08-31,21,14,14,2026-09-12 23:05:03
100907022,509,12,100907,106,2026-09-01,22,61,61,2026-09-12 23:05:03
100907023,509,24,100907,113,2026-09-02,23,65,65,2026-09-12 23:05:03
100907024,509,29,100907,111,2026-09-03,24,58,58,2026-09-12 23:05:03
100907025,509,15,100907,116,2026-09-04,25,34,34,2026-09-12 23:05:03
100907026,509,16,100907,120,2026-09-05,26,46,46,2026-09-12 23:05:03
100907027,509,17,100907,108,2026-09-06,27,90,90,2026-09-12 23:05:03
100907028,509,29,100907,115,2026-09-07,28,92,92,2026-09-12 23:05:03
100907029,509,17,100907,107,2026-09-08,29,72,72,2026-09-12 23:05:03
100907030,509,28,100907,107,2026-09-09,30,47,47,2026-09-12 23:05:03
100908001,509,23,100908,108,2026-08-11,1,79,79,2026-09-12 23:05:03
100908002,509,23,100908,114,2026-08-12,2,29,29,2026-09-12 23:05:03
100908003,509,28,100908,113,2026-08-13,3,65,65,2026-09-12 23:05:03
100908004,509,13,100908,102,2026-08-14,4,80,80,2026-09-12 23:05:03
100908005,509,17,100908,119,2026-08-15,5,99,99,2026-09-12 23:05:03
100908006,509,23,100908,119,2026-08-16,6,42,42,2026-09-12 23:05:03
100908007,509,23,100908,106,2026-08-17,7,24,24,2026-09-12 23:05:03
100908008,509,12,100908,112,2026-08-18,8,95,95,2026-09-12 23:05:03
100908009,509,14,100908,108,2026-08-19,9,62,62,2026-09-12 23:05:03
100908010,509,29,100908,120,2026-08-20,10,83,83,2026-09-12 23:05:03
100908011,509,21,100908,103,2026-08-21,11,45,45,2026-09-12 23:05:03
100908012,509,25,100908,117,2026-08-22,12,55,55,2026-09-12 23:05:03
100908013,509,23,100908,110,2026-08-23,13,63,63,2026-09-12 23:05:03
100908014,509,23,100908,108,2026-08-24,14,29,29,2026-09-12 23:05:03
100908015,509,19,100908,101,2026-08-25,15,16,16,2026-09-12 23:05:03
100908016,509,15,100908,108,2026-08-26,16,83,83,2026-09-12 23:05:03
100908017,509,23,100908,103,2026-08-27,17,80,80,2026-09-12 23:05:03
100908018,509,18,100908,113,2026-08-28,18,90,90,2026-09-12 23:05:03
100908019,509,25,100908,105,2026-08-29,19,62,62,2026-09-12 23:05:03
100908020,509,27,100908,112,2026-08-30,20,50,50,2026-09-12 23:05:03
100908021,509,17,100908,119,2026-08-31,21,38,38,2026-09-12 23:05:03
100908022,509,21,100908,104,2026-09-01,22,27,27,2026-09-12 23:05:03
100908023,509,25,100908,105,2026-09-02,23,74,74,2026-09-12 23:05:03
100908024,509,26,100908,119,2026-09-03,24,6,6,2026-09-12 23:05:03
100908025,509,22,100908,111,2026-09-04,25,2,2,2026-09-12 23:05:03
100908026,509,15,100908,108,2026-09-05,26,92,92,2026-09-12 23:05:03
100908027,509,17,100908,110,2026-09-06,27,100,100,2026-09-12 23:05:03
100908028,509,19,100908,111,2026-09-07,28,86,86,2026-09-12 23:05:03
100908029,509,23,100908,119,2026-09-08,29,6,6,2026-09-12 23:05:03
100908030,509,10,100908,110,2026-09-09,30,68,68,2026-09-12 23:05:03
100909001,509,26,100909,102,2026-08-11,1,62,62,2026-09-12 23:05:03
100909002,509,26,100909,116,2026-08-12,2,27,27,2026-09-12 23:05:03
100909003,509,17,100909,115,2026-08-13,3,17,17,2026-09-12 23:05:03
100909004,509,22,100909,102,2026-08-14,4,28,28,2026-09-12 23:05:03
100909005,509,26,100909,103,2026-08-15,5,52,52,2026-09-12 23:05:03
100909006,509,16,100909,117,2026-08-16,6,67,67,2026-09-12 23:05:03
100909007,509,12,100909,109,2026-08-17,7,29,29,2026-09-12 23:05:03
100909008,509,18,100909,101,2026-08-18,8,47,47,2026-09-12 23:05:03
100909009,509,29,100909,105,2026-08-19,9,77,77,2026-09-12 23:05:03
100909010,509,29,100909,110,2026-08-20,10,77,77,2026-09-12 23:05:03
100909011,509,26,100909,120,2026-08-21,11,90,90,2026-09-12 23:05:03
100909012,509,12,100909,113,2026-08-22,12,3,3,2026-09-12 23:05:03
100909013,509,26,100909,111,2026-08-23,13,78,78,2026-09-12 23:05:03
100909014,509,26,100909,107,2026-08-24,14,88,88,2026-09-12 23:05:03
100909015,509,12,100909,120,2026-08-25,15,1,1,2026-09-12 23:05:03
100909016,509,17,100909,105,2026-08-26,16,93,93,2026-09-12 23:05:03
100909017,509,10,100909,110,2026-08-27,17,80,80,2026-09-12 23:05:03
100909018,509,27,100909,110,2026-08-28,18,28,28,2026-09-12 23:05:03
100909019,509,20,100909,112,2026-08-29,19,85,85,2026-09-12 23:05:03
100909020,509,24,100909,109,2026-08-30,20,12,12,2026-09-12 23:05:03
100909021,509,26,100909,101,2026-08-31,21,26,26,2026-09-12 23:05:03
100909022,509,10,100909,103,2026-09-01,22,47,47,2026-09-12 23:05:03
100909023,509,17,100909,103,2026-09-02,23,91,91,2026-09-12 23:05:03
100909024,509,25,100909,120,2026-09-03,24,16,16,2026-09-12 23:05:03
100909025,509,11,100909,115,2026-09-04,25,86,86,2026-09-12 23:05:03
100909026,509,18,100909,116,2026-09-05,26,82,82,2026-09-12 23:05:03
100909027,509,11,100909,107,2026-09-06,27,61,61,2026-09-12 23:05:03
100909028,509,25,100909,115,2026-09-07,28,86,86,2026-09-12 23:05:03
100909029,509,12,100909,101,2026-09-08,29,34,34,2026-09-12 23:05:03
100909030,509,29,100909,120,2026-09-09,30,81,81,2026-09-12 23:05:03
100910001,509,29,100910,120,2026-08-11,1,23,23,2026-09-12 23:05:03
100910002,509,10,100910,103,2026-08-12,2,44,44,2026-09-12 23:05:03
100910003,509,17,100910,105,2026-08-13,3,12,12,2026-09-12 23:05:03
100910004,509,25,100910,117,2026-08-14,4,27,27,2026-09-12 23:05:03
100910005,509,17,100910,103,2026-08-15,5,20,20,2026-09-12 23:05:03
100910006,509,15,100910,115,2026-08-16,6,92,92,2026-09-12 23:05:03
100910007,509,21,100910,109,2026-08-17,7,34,34,2026-09-12 23:05:03
100910008,509,24,100910,105,2026-08-18,8,98,98,2026-09-12 23:05:03
100910009,509,28,100910,106,2026-08-19,9,6,6,2026-09-12 23:05:03
100910010,509,16,100910,118,2026-08-20,10,69,69,2026-09-12 23:05:03
100910011,509,19,100910,120,2026-08-21,11,28,28,2026-09-12 23:05:03
100910012,509,29,100910,116,2026-08-22,12,7,7,2026-09-12 23:05:03
100910013,509,29,100910,113,2026-08-23,13,69,69,2026-09-12 23:05:03
100910014,509,27,100910,105,2026-08-24,14,41,41,2026-09-12 23:05:03
100910015,509,26,100910,111,2026-08-25,15,26,26,2026-09-12 23:05:03
100910016,509,29,100910,103,2026-08-26,16,95,95,2026-09-12 23:05:03
100910017,509,16,100910,115,2026-08-27,17,59,59,2026-09-12 23:05:03
100910018,509,22,100910,107,2026-08-28,18,50,50,2026-09-12 23:05:03
100910019,509,21,100910,109,2026-08-29,19,94,94,2026-09-12 23:05:03
100910020,509,13,100910,116,2026-08-30,20,78,78,2026-09-12 23:05:03
100910021,509,29,100910,116,2026-08-31,21,97,97,2026-09-12 23:05:03
100910022,509,16,100910,118,2026-09-01,22,17,17,2026-09-12 23:05:03
100910023,509,22,100910,114,2026-09-02,23,97,97,2026-09-12 23:05:03
100910024,509,12,100910,101,2026-09-03,24,40,40,2026-09-12 23:05:03
100910025,509,14,100910,112,2026-09-04,25,22,22,2026-09-12 23:05:03
100910026,509,10,100910,109,2026-09-05,26,94,94,2026-09-12 23:05:03
100910027,509,27,100910,101,2026-09-06,27,37,37,2026-09-12 23:05:03
100910028,509,15,100910,115,2026-09-07,28,30,30,2026-09-12 23:05:03
100910029,509,20,100910,108,2026-09-08,29,5,5,2026-09-12 23:05:03
100910030,509,19,100910,114,2026-09-09,30,30,30,2026-09-12 23:05:03
101001001,510,25,101001,115,2026-08-11,1,61,61,2026-09-12 23:05:03
101001002,510,15,101001,107,2026-08-12,2,21,21,2026-09-12 23:05:03
101001003,510,26,101001,109,2026-08-13,3,67,67,2026-09-12 23:05:03
101001004,510,11,101001,114,2026-08-14,4,16,16,2026-09-12 23:05:03
101001005,510,23,101001,118,2026-08-15,5,42,42,2026-09-12 23:05:03
101001006,510,12,101001,101,2026-08-16,6,13,13,2026-09-12 23:05:03
101001007,510,16,101001,109,2026-08-17,7,45,45,2026-09-12 23:05:03
101001008,510,19,101001,107,2026-08-18,8,51,51,2026-09-12 23:05:03
101001009,510,12,101001,109,2026-08-19,9,59,59,2026-09-12 23:05:03
101001010,510,18,101001,102,2026-08-20,10,89,89,2026-09-12 23:05:03
101001011,510,28,101001,115,2026-08-21,11,53,53,2026-09-12 23:05:03
101001012,510,23,101001,101,2026-08-22,12,39,39,2026-09-12 23:05:03
101001013,510,23,101001,109,2026-08-23,13,60,60,2026-09-12 23:05:03
101001014,510,16,101001,107,2026-08-24,14,40,40,2026-09-12 23:05:03
101001015,510,16,101001,101,2026-08-25,15,63,63,2026-09-12 23:05:03
101001016,510,25,101001,108,2026-08-26,16,54,54,2026-09-12 23:05:03
101001017,510,19,101001,116,2026-08-27,17,23,23,2026-09-12 23:05:03
101001018,510,25,101001,120,2026-08-28,18,26,26,2026-09-12 23:05:03
101001019,510,23,101001,115,2026-08-29,19,46,46,2026-09-12 23:05:03
101001020,510,10,101001,111,2026-08-30,20,10,10,2026-09-12 23:05:03
101001021,510,20,101001,102,2026-08-31,21,8,8,2026-09-12 23:05:03
101001022,510,27,101001,116,2026-09-01,22,40,40,2026-09-12 23:05:03
101001023,510,16,101001,110,2026-09-02,23,59,59,2026-09-12 23:05:03
101001024,510,19,101001,113,2026-09-03,24,45,45,2026-09-12 23:05:03
101001025,510,11,101001,112,2026-09-04,25,42,42,2026-09-12 23:05:03
101001026,510,25,101001,113,2026-09-05,26,40,40,2026-09-12 23:05:03
101001027,510,23,101001,102,2026-09-06,27,21,21,2026-09-12 23:05:03
101001028,510,12,101001,101,2026-09-07,28,91,91,2026-09-12 23:05:03
101001029,510,11,101001,109,2026-09-08,29,2,2,2026-09-12 23:05:03
101001030,510,25,101001,101,2026-09-09,30,36,36,2026-09-12 23:05:03
101002001,510,27,101002,105,2026-08-11,1,31,31,2026-09-12 23:05:03
101002002,510,20,101002,108,2026-08-12,2,87,87,2026-09-12 23:05:03
101002003,510,20,101002,106,2026-08-13,3,55,55,2026-09-12 23:05:03
101002004,510,13,101002,118,2026-08-14,4,41,41,2026-09-12 23:05:03
101002005,510,26,101002,120,2026-08-15,5,80,80,2026-09-12 23:05:03
101002006,510,25,101002,118,2026-08-16,6,75,75,2026-09-12 23:05:03
101002007,510,12,101002,106,2026-08-17,7,62,62,2026-09-12 23:05:03
101002008,510,28,101002,118,2026-08-18,8,61,61,2026-09-12 23:05:03
101002009,510,12,101002,111,2026-08-19,9,26,26,2026-09-12 23:05:03
101002010,510,12,101002,108,2026-08-20,10,58,58,2026-09-12 23:05:03
101002011,510,19,101002,105,2026-08-21,11,89,89,2026-09-12 23:05:03
101002012,510,29,101002,107,2026-08-22,12,60,60,2026-09-12 23:05:03
101002013,510,29,101002,113,2026-08-23,13,89,89,2026-09-12 23:05:03
101002014,510,28,101002,111,2026-08-24,14,23,23,2026-09-12 23:05:03
101002015,510,13,101002,101,2026-08-25,15,22,22,2026-09-12 23:05:03
101002016,510,21,101002,104,2026-08-26,16,57,57,2026-09-12 23:05:03
101002017,510,28,101002,106,2026-08-27,17,38,38,2026-09-12 23:05:03
101002018,510,29,101002,117,2026-08-28,18,25,25,2026-09-12 23:05:03
101002019,510,23,101002,115,2026-08-29,19,25,25,2026-09-12 23:05:03
101002020,510,10,101002,103,2026-08-30,20,81,81,2026-09-12 23:05:03
101002021,510,24,101002,102,2026-08-31,21,83,83,2026-09-12 23:05:03
101002022,510,14,101002,107,2026-09-01,22,77,77,2026-09-12 23:05:03
101002023,510,15,101002,107,2026-09-02,23,84,84,2026-09-12 23:05:03
101002024,510,20,101002,103,2026-09-03,24,68,68,2026-09-12 23:05:03
101002025,510,24,101002,101,2026-09-04,25,88,88,2026-09-12 23:05:03
101002026,510,26,101002,111,2026-09-05,26,12,12,2026-09-12 23:05:03
101002027,510,15,101002,117,2026-09-06,27,48,48,2026-09-12 23:05:03
101002028,510,26,101002,114,2026-09-07,28,100,100,2026-09-12 23:05:03
101002029,510,13,101002,112,2026-09-08,29,98,98,2026-09-12 23:05:03
101002030,510,26,101002,109,2026-09-09,30,38,38,2026-09-12 23:05:03
101003001,510,23,101003,116,2026-08-11,1,92,92,2026-09-12 23:05:03
101003002,510,24,101003,114,2026-08-12,2,50,50,2026-09-12 23:05:03
101003003,510,24,101003,113,2026-08-13,3,73,73,2026-09-12 23:05:03
101003004,510,24,101003,101,2026-08-14,4,59,59,2026-09-12 23:05:03
101003005,510,12,101003,117,2026-08-15,5,68,68,2026-09-12 23:05:03
101003006,510,23,101003,103,2026-08-16,6,17,17,2026-09-12 23:05:03
101003007,510,19,101003,101,2026-08-17,7,60,60,2026-09-12 23:05:03
101003008,510,15,101003,110,2026-08-18,8,76,76,2026-09-12 23:05:03
101003009,510,26,101003,105,2026-08-19,9,17,17,2026-09-12 23:05:03
101003010,510,19,101003,106,2026-08-20,10,93,93,2026-09-12 23:05:03
101003011,510,29,101003,114,2026-08-21,11,30,30,2026-09-12 23:05:03
101003012,510,20,101003,112,2026-08-22,12,61,61,2026-09-12 23:05:03
101003013,510,26,101003,112,2026-08-23,13,69,69,2026-09-12 23:05:03
101003014,510,28,101003,111,2026-08-24,14,68,68,2026-09-12 23:05:03
101003015,510,25,101003,118,2026-08-25,15,51,51,2026-09-12 23:05:03
101003016,510,26,101003,115,2026-08-26,16,82,82,2026-09-12 23:05:03
101003017,510,15,101003,112,2026-08-27,17,62,62,2026-09-12 23:05:03
101003018,510,25,101003,119,2026-08-28,18,91,91,2026-09-12 23:05:03
101003019,510,11,101003,106,2026-08-29,19,17,17,2026-09-12 23:05:03
101003020,510,18,101003,101,2026-08-30,20,41,41,2026-09-12 23:05:03
101003021,510,20,101003,119,2026-08-31,21,10,10,2026-09-12 23:05:03
101003022,510,28,101003,116,2026-09-01,22,83,83,2026-09-12 23:05:03
101003023,510,29,101003,113,2026-09-02,23,76,76,2026-09-12 23:05:03
101003024,510,24,101003,106,2026-09-03,24,48,48,2026-09-12 23:05:03
101003025,510,15,101003,119,2026-09-04,25,22,22,2026-09-12 23:05:03
101003026,510,19,101003,102,2026-09-05,26,63,63,2026-09-12 23:05:03
101003027,510,26,101003,114,2026-09-06,27,77,77,2026-09-12 23:05:03
101003028,510,27,101003,106,2026-09-07,28,77,77,2026-09-12 23:05:03
101003029,510,22,101003,110,2026-09-08,29,69,69,2026-09-12 23:05:03
101003030,510,14,101003,115,2026-09-09,30,35,35,2026-09-12 23:05:03
101004001,510,19,101004,118,2026-08-11,1,94,94,2026-09-12 23:05:03
101004002,510,12,101004,117,2026-08-12,2,85,85,2026-09-12 23:05:03
101004003,510,25,101004,112,2026-08-13,3,33,33,2026-09-12 23:05:03
101004004,510,17,101004,111,2026-08-14,4,61,61,2026-09-12 23:05:03
101004005,510,25,101004,114,2026-08-15,5,89,89,2026-09-12 23:05:03
101004006,510,19,101004,104,2026-08-16,6,2,2,2026-09-12 23:05:03
101004007,510,16,101004,101,2026-08-17,7,61,61,2026-09-12 23:05:03
101004008,510,29,101004,114,2026-08-18,8,7,7,2026-09-12 23:05:03
101004009,510,22,101004,107,2026-08-19,9,59,59,2026-09-12 23:05:03
101004010,510,18,101004,101,2026-08-20,10,37,37,2026-09-12 23:05:03
101004011,510,24,101004,104,2026-08-21,11,9,9,2026-09-12 23:05:03
101004012,510,25,101004,107,2026-08-22,12,11,11,2026-09-12 23:05:03
101004013,510,15,101004,102,2026-08-23,13,32,32,2026-09-12 23:05:03
101004014,510,18,101004,106,2026-08-24,14,69,69,2026-09-12 23:05:03
101004015,510,17,101004,109,2026-08-25,15,83,83,2026-09-12 23:05:03
101004016,510,22,101004,115,2026-08-26,16,48,48,2026-09-12 23:05:03
101004017,510,21,101004,110,2026-08-27,17,36,36,2026-09-12 23:05:03
101004018,510,22,101004,109,2026-08-28,18,92,92,2026-09-12 23:05:03
101004019,510,23,101004,120,2026-08-29,19,30,30,2026-09-12 23:05:03
101004020,510,28,101004,111,2026-08-30,20,21,21,2026-09-12 23:05:03
101004021,510,14,101004,114,2026-08-31,21,92,92,2026-09-12 23:05:03
101004022,510,19,101004,109,2026-09-01,22,87,87,2026-09-12 23:05:03
101004023,510,11,101004,114,2026-09-02,23,8,8,2026-09-12 23:05:03
101004024,510,11,101004,119,2026-09-03,24,5,5,2026-09-12 23:05:03
101004025,510,21,101004,104,2026-09-04,25,65,65,2026-09-12 23:05:03
101004026,510,24,101004,118,2026-09-05,26,78,78,2026-09-12 23:05:03
101004027,510,18,101004,116,2026-09-06,27,15,15,2026-09-12 23:05:03
101004028,510,14,101004,101,2026-09-07,28,28,28,2026-09-12 23:05:03
101004029,510,22,101004,120,2026-09-08,29,45,45,2026-09-12 23:05:03
101004030,510,13,101004,119,2026-09-09,30,12,12,2026-09-12 23:05:03
101005001,510,15,101005,104,2026-08-11,1,29,29,2026-09-12 23:05:03
101005002,510,22,101005,109,2026-08-12,2,35,35,2026-09-12 23:05:03
101005003,510,11,101005,109,2026-08-13,3,89,89,2026-09-12 23:05:03
101005004,510,16,101005,106,2026-08-14,4,65,65,2026-09-12 23:05:03
101005005,510,27,101005,119,2026-08-15,5,92,92,2026-09-12 23:05:03
101005006,510,21,101005,120,2026-08-16,6,45,45,2026-09-12 23:05:03
101005007,510,28,101005,117,2026-08-17,7,11,11,2026-09-12 23:05:03
101005008,510,21,101005,112,2026-08-18,8,39,39,2026-09-12 23:05:03
101005009,510,22,101005,102,2026-08-19,9,27,27,2026-09-12 23:05:03
101005010,510,27,101005,110,2026-08-20,10,48,48,2026-09-12 23:05:03
101005011,510,24,101005,102,2026-08-21,11,51,51,2026-09-12 23:05:03
101005012,510,17,101005,102,2026-08-22,12,88,88,2026-09-12 23:05:03
101005013,510,24,101005,111,2026-08-23,13,37,37,2026-09-12 23:05:03
101005014,510,11,101005,102,2026-08-24,14,45,45,2026-09-12 23:05:03
101005015,510,19,101005,104,2026-08-25,15,50,50,2026-09-12 23:05:03
101005016,510,29,101005,106,2026-08-26,16,36,36,2026-09-12 23:05:03
101005017,510,10,101005,118,2026-08-27,17,86,86,2026-09-12 23:05:03
101005018,510,11,101005,118,2026-08-28,18,18,18,2026-09-12 23:05:03
101005019,510,25,101005,110,2026-08-29,19,11,11,2026-09-12 23:05:03
101005020,510,18,101005,112,2026-08-30,20,49,49,2026-09-12 23:05:03
101005021,510,22,101005,106,2026-08-31,21,71,71,2026-09-12 23:05:03
101005022,510,23,101005,108,2026-09-01,22,61,61,2026-09-12 23:05:03
101005023,510,16,101005,118,2026-09-02,23,7,7,2026-09-12 23:05:03
101005024,510,13,101005,118,2026-09-03,24,54,54,2026-09-12 23:05:03
101005025,510,17,101005,110,2026-09-04,25,27,27,2026-09-12 23:05:03
101005026,510,16,101005,107,2026-09-05,26,2,2,2026-09-12 23:05:03
101005027,510,29,101005,101,2026-09-06,27,67,67,2026-09-12 23:05:03
101005028,510,28,101005,113,2026-09-07,28,66,66,2026-09-12 23:05:03
101005029,510,23,101005,109,2026-09-08,29,4,4,2026-09-12 23:05:03
101005030,510,26,101005,104,2026-09-09,30,61,61,2026-09-12 23:05:03
101006001,510,19,101006,113,2026-08-11,1,77,77,2026-09-12 23:05:03
101006002,510,15,101006,114,2026-08-12,2,34,34,2026-09-12 23:05:03
101006003,510,22,101006,101,2026-08-13,3,24,24,2026-09-12 23:05:03
101006004,510,18,101006,115,2026-08-14,4,74,74,2026-09-12 23:05:03
101006005,510,29,101006,105,2026-08-15,5,11,11,2026-09-12 23:05:03
101006006,510,14,101006,109,2026-08-16,6,77,77,2026-09-12 23:05:03
101006007,510,21,101006,116,2026-08-17,7,34,34,2026-09-12 23:05:03
101006008,510,29,101006,108,2026-08-18,8,46,46,2026-09-12 23:05:03
101006009,510,11,101006,118,2026-08-19,9,49,49,2026-09-12 23:05:03
101006010,510,22,101006,117,2026-08-20,10,87,87,2026-09-12 23:05:03
101006011,510,20,101006,111,2026-08-21,11,100,100,2026-09-12 23:05:03
101006012,510,17,101006,118,2026-08-22,12,35,35,2026-09-12 23:05:03
101006013,510,19,101006,113,2026-08-23,13,28,28,2026-09-12 23:05:03
101006014,510,19,101006,113,2026-08-24,14,46,46,2026-09-12 23:05:03
101006015,510,10,101006,108,2026-08-25,15,13,13,2026-09-12 23:05:03
101006016,510,10,101006,118,2026-08-26,16,27,27,2026-09-12 23:05:03
101006017,510,28,101006,117,2026-08-27,17,35,35,2026-09-12 23:05:03
101006018,510,28,101006,117,2026-08-28,18,11,11,2026-09-12 23:05:03
101006019,510,22,101006,106,2026-08-29,19,48,48,2026-09-12 23:05:03
101006020,510,29,101006,109,2026-08-30,20,40,40,2026-09-12 23:05:03
101006021,510,29,101006,112,2026-08-31,21,26,26,2026-09-12 23:05:03
101006022,510,21,101006,114,2026-09-01,22,68,68,2026-09-12 23:05:03
101006023,510,25,101006,107,2026-09-02,23,42,42,2026-09-12 23:05:03
101006024,510,28,101006,116,2026-09-03,24,44,44,2026-09-12 23:05:03
101006025,510,22,101006,102,2026-09-04,25,31,31,2026-09-12 23:05:03
101006026,510,10,101006,117,2026-09-05,26,8,8,2026-09-12 23:05:03
101006027,510,23,101006,114,2026-09-06,27,47,47,2026-09-12 23:05:03
101006028,510,23,101006,111,2026-09-07,28,2,2,2026-09-12 23:05:03
101006029,510,12,101006,118,2026-09-08,29,12,12,2026-09-12 23:05:03
101006030,510,16,101006,120,2026-09-09,30,53,53,2026-09-12 23:05:03
101007001,510,13,101007,101,2026-08-11,1,43,43,2026-09-12 23:05:03
101007002,510,22,101007,114,2026-08-12,2,65,65,2026-09-12 23:05:03
101007003,510,18,101007,120,2026-08-13,3,34,34,2026-09-12 23:05:03
101007004,510,12,101007,116,2026-08-14,4,5,5,2026-09-12 23:05:03
101007005,510,21,101007,113,2026-08-15,5,48,48,2026-09-12 23:05:03
101007006,510,29,101007,110,2026-08-16,6,76,76,2026-09-12 23:05:03
101007007,510,14,101007,117,2026-08-17,7,94,94,2026-09-12 23:05:03
101007008,510,18,101007,116,2026-08-18,8,17,17,2026-09-12 23:05:03
101007009,510,13,101007,110,2026-08-19,9,54,54,2026-09-12 23:05:03
101007010,510,18,101007,108,2026-08-20,10,37,37,2026-09-12 23:05:03
101007011,510,18,101007,107,2026-08-21,11,4,4,2026-09-12 23:05:03
101007012,510,26,101007,117,2026-08-22,12,93,93,2026-09-12 23:05:03
101007013,510,15,101007,103,2026-08-23,13,43,43,2026-09-12 23:05:03
101007014,510,20,101007,106,2026-08-24,14,52,52,2026-09-12 23:05:03
101007015,510,13,101007,119,2026-08-25,15,10,10,2026-09-12 23:05:03
101007016,510,26,101007,112,2026-08-26,16,54,54,2026-09-12 23:05:03
101007017,510,18,101007,102,2026-08-27,17,58,58,2026-09-12 23:05:03
101007018,510,27,101007,112,2026-08-28,18,65,65,2026-09-12 23:05:03
101007019,510,20,101007,116,2026-08-29,19,56,56,2026-09-12 23:05:03
101007020,510,21,101007,108,2026-08-30,20,69,69,2026-09-12 23:05:03
101007021,510,17,101007,113,2026-08-31,21,32,32,2026-09-12 23:05:03
101007022,510,29,101007,108,2026-09-01,22,50,50,2026-09-12 23:05:03
101007023,510,26,101007,120,2026-09-02,23,33,33,2026-09-12 23:05:03
101007024,510,23,101007,111,2026-09-03,24,26,26,2026-09-12 23:05:03
101007025,510,12,101007,112,2026-09-04,25,45,45,2026-09-12 23:05:03
101007026,510,18,101007,114,2026-09-05,26,70,70,2026-09-12 23:05:03
101007027,510,24,101007,107,2026-09-06,27,1,1,2026-09-12 23:05:03
101007028,510,18,101007,115,2026-09-07,28,29,29,2026-09-12 23:05:03
101007029,510,10,101007,118,2026-09-08,29,58,58,2026-09-12 23:05:03
101007030,510,11,101007,117,2026-09-09,30,14,14,2026-09-12 23:05:03
101008001,510,16,101008,110,2026-08-11,1,42,42,2026-09-12 23:05:03
101008002,510,16,101008,101,2026-08-12,2,96,96,2026-09-12 23:05:03
101008003,510,23,101008,119,2026-08-13,3,43,43,2026-09-12 23:05:03
101008004,510,12,101008,108,2026-08-14,4,100,100,2026-09-12 23:05:03
101008005,510,13,101008,103,2026-08-15,5,61,61,2026-09-12 23:05:03
101008006,510,27,101008,117,2026-08-16,6,29,29,2026-09-12 23:05:03
101008007,510,21,101008,112,2026-08-17,7,99,99,2026-09-12 23:05:03
101008008,510,15,101008,103,2026-08-18,8,94,94,2026-09-12 23:05:03
101008009,510,11,101008,113,2026-08-19,9,27,27,2026-09-12 23:05:03
101008010,510,29,101008,104,2026-08-20,10,64,64,2026-09-12 23:05:03
101008011,510,22,101008,109,2026-08-21,11,23,23,2026-09-12 23:05:03
101008012,510,28,101008,106,2026-08-22,12,98,98,2026-09-12 23:05:03
101008013,510,24,101008,105,2026-08-23,13,42,42,2026-09-12 23:05:03
101008014,510,25,101008,109,2026-08-24,14,47,47,2026-09-12 23:05:03
101008015,510,22,101008,118,2026-08-25,15,14,14,2026-09-12 23:05:03
101008016,510,17,101008,106,2026-08-26,16,52,52,2026-09-12 23:05:03
101008017,510,16,101008,109,2026-08-27,17,42,42,2026-09-12 23:05:03
101008018,510,14,101008,112,2026-08-28,18,13,13,2026-09-12 23:05:03
101008019,510,14,101008,102,2026-08-29,19,28,28,2026-09-12 23:05:03
101008020,510,25,101008,109,2026-08-30,20,82,82,2026-09-12 23:05:03
101008021,510,19,101008,113,2026-08-31,21,77,77,2026-09-12 23:05:03
101008022,510,10,101008,101,2026-09-01,22,63,63,2026-09-12 23:05:03
101008023,510,12,101008,102,2026-09-02,23,79,79,2026-09-12 23:05:03
101008024,510,20,101008,120,2026-09-03,24,9,9,2026-09-12 23:05:03
101008025,510,13,101008,111,2026-09-04,25,46,46,2026-09-12 23:05:03
101008026,510,26,101008,119,2026-09-05,26,23,23,2026-09-12 23:05:03
101008027,510,26,101008,114,2026-09-06,27,4,4,2026-09-12 23:05:03
101008028,510,19,101008,116,2026-09-07,28,11,11,2026-09-12 23:05:03
101008029,510,23,101008,107,2026-09-08,29,84,84,2026-09-12 23:05:03
101008030,510,20,101008,114,2026-09-09,30,31,31,2026-09-12 23:05:03
101009001,510,10,101009,101,2026-08-11,1,38,38,2026-09-12 23:05:03
101009002,510,28,101009,112,2026-08-12,2,56,56,2026-09-12 23:05:03
101009003,510,15,101009,120,2026-08-13,3,21,21,2026-09-12 23:05:03
101009004,510,25,101009,117,2026-08-14,4,13,13,2026-09-12 23:05:03
101009005,510,16,101009,107,2026-08-15,5,82,82,2026-09-12 23:05:03
101009006,510,20,101009,101,2026-08-16,6,64,64,2026-09-12 23:05:03
101009007,510,28,101009,109,2026-08-17,7,43,43,2026-09-12 23:05:03
101009008,510,11,101009,114,2026-08-18,8,82,82,2026-09-12 23:05:03
101009009,510,22,101009,114,2026-08-19,9,67,67,2026-09-12 23:05:03
101009010,510,22,101009,106,2026-08-20,10,35,35,2026-09-12 23:05:03
101009011,510,11,101009,106,2026-08-21,11,78,78,2026-09-12 23:05:03
101009012,510,16,101009,119,2026-08-22,12,84,84,2026-09-12 23:05:03
101009013,510,24,101009,106,2026-08-23,13,27,27,2026-09-12 23:05:03
101009014,510,12,101009,115,2026-08-24,14,89,89,2026-09-12 23:05:03
101009015,510,19,101009,108,2026-08-25,15,1,1,2026-09-12 23:05:03
101009016,510,10,101009,111,2026-08-26,16,71,71,2026-09-12 23:05:03
101009017,510,24,101009,114,2026-08-27,17,27,27,2026-09-12 23:05:03
101009018,510,28,101009,113,2026-08-28,18,55,55,2026-09-12 23:05:03
101009019,510,13,101009,110,2026-08-29,19,34,34,2026-09-12 23:05:03
101009020,510,10,101009,117,2026-08-30,20,92,92,2026-09-12 23:05:03
101009021,510,29,101009,106,2026-08-31,21,67,67,2026-09-12 23:05:03
101009022,510,28,101009,111,2026-09-01,22,1,1,2026-09-12 23:05:03
101009023,510,20,101009,119,2026-09-02,23,47,47,2026-09-12 23:05:03
101009024,510,19,101009,120,2026-09-03,24,2,2,2026-09-12 23:05:03
101009025,510,23,101009,112,2026-09-04,25,93,93,2026-09-12 23:05:03
101009026,510,18,101009,102,2026-09-05,26,40,40,2026-09-12 23:05:03
101009027,510,29,101009,112,2026-09-06,27,73,73,2026-09-12 23:05:03
101009028,510,22,101009,104,2026-09-07,28,16,16,2026-09-12 23:05:03
101009029,510,17,101009,108,2026-09-08,29,50,50,2026-09-12 23:05:03
101009030,510,21,101009,114,2026-09-09,30,64,64,2026-09-12 23:05:03
101010001,510,24,101010,112,2026-08-11,1,57,57,2026-09-12 23:05:03
101010002,510,22,101010,105,2026-08-12,2,4,4,2026-09-12 23:05:03
101010003,510,28,101010,104,2026-08-13,3,11,11,2026-09-12 23:05:03
101010004,510,29,101010,110,2026-08-14,4,86,86,2026-09-12 23:05:03
101010005,510,12,101010,112,2026-08-15,5,75,75,2026-09-12 23:05:03
101010006,510,23,101010,101,2026-08-16,6,11,11,2026-09-12 23:05:03
101010007,510,24,101010,110,2026-08-17,7,63,63,2026-09-12 23:05:03
101010008,510,23,101010,106,2026-08-18,8,2,2,2026-09-12 23:05:03
101010009,510,19,101010,107,2026-08-19,9,40,40,2026-09-12 23:05:03
101010010,510,19,101010,110,2026-08-20,10,43,43,2026-09-12 23:05:03
101010011,510,22,101010,103,2026-08-21,11,93,93,2026-09-12 23:05:03
101010012,510,16,101010,105,2026-08-22,12,85,85,2026-09-12 23:05:03
101010013,510,29,101010,112,2026-08-23,13,57,57,2026-09-12 23:05:03
101010014,510,29,101010,102,2026-08-24,14,79,79,2026-09-12 23:05:03
101010015,510,19,101010,114,2026-08-25,15,49,49,2026-09-12 23:05:03
101010016,510,22,101010,114,2026-08-26,16,11,11,2026-09-12 23:05:03
101010017,510,28,101010,116,2026-08-27,17,55,55,2026-09-12 23:05:03
101010018,510,23,101010,114,2026-08-28,18,9,9,2026-09-12 23:05:03
101010019,510,19,101010,103,2026-08-29,19,71,71,2026-09-12 23:05:03
101010020,510,19,101010,120,2026-08-30,20,63,63,2026-09-12 23:05:03
101010021,510,22,101010,112,2026-08-31,21,20,20,2026-09-12 23:05:03
101010022,510,10,101010,113,2026-09-01,22,70,70,2026-09-12 23:05:03
101010023,510,16,101010,115,2026-09-02,23,30,30,2026-09-12 23:05:03
101010024,510,10,101010,102,2026-09-03,24,49,49,2026-09-12 23:05:03
101010025,510,23,101010,103,2026-09-04,25,97,97,2026-09-12 23:05:03
101010026,510,13,101010,106,2026-09-05,26,96,96,2026-09-12 23:05:03
101010027,510,14,101010,104,2026-09-06,27,74,74,2026-09-12 23:05:03
101010028,510,14,101010,104,2026-09-07,28,42,42,2026-09-12 23:05:03
101010029,510,18,101010,118,2026-09-08,29,39,39,2026-09-12 23:05:03
101010030,510,28,101010,119,2026-09-09,30,5,5,2026-09-12 23:05:03
