sale_unique_id,item_nbr,item_vendor,item_department,store_nbr,sales_date,sequence_nbr,item_category,sales_qty,item_cost
100201001-1,100201,502,26,102,2026-08-11,1,,88,363.73
100201002-2,100201,502,20,114,2026-08-12,2,,77,115.06
100201003-3,100201,502,15,117,2026-08-13,3,,34,64.05
100201004-4,100201,502,27,107,2026-08-14,4,,44,137.32
100201005-5,100201,502,13,107,2026-08-15,5,,79,173.2
100201006-6,100201,502,25,108,2026-08-16,6,,96,36.55
100201007-7,100201,502,13,118,2026-08-17,7,,42,103.92
100201008-8,100201,502,14,120,2026-08-18,8,,68,83.22
100201009-9,100201,502,19,101,2026-08-19,9,,82,145.39
100201010-10,100201,502,15,106,2026-08-20,10,,24,340.52
100201011-11,100201,502,10,110,2026-08-21,11,,28,88.14
100201012-12,100201,502,28,119,2026-08-22,12,,94,99.83
100201013-13,100201,502,29,116,2026-08-23,13,,60,249.24
100201014-14,100201,502,21,112,2026-08-24,14,,25,61.2
100201015-15,100201,502,17,120,2026-08-25,15,,57,257.5
100201016-16,100201,502,23,109,2026-08-26,16,,82,214.86
100201017-17,100201,502,20,104,2026-08-27,17,,54,258.71
100201018-18,100201,502,14,115,2026-08-28,18,,31,242.4
100201019-19,100201,502,12,115,2026-08-29,19,,34,224.51
100201020-20,100201,502,29,104,2026-08-30,20,,52,353.53
100201021-21,100201,502,27,107,2026-08-31,21,,31,300.68
100201022-22,100201,502,23,118,2026-09-01,22,,63,59.45
100201023-23,100201,502,17,120,2026-09-02,23,,45,471.53
100201024-24,100201,502,11,109,2026-09-03,24,,47,343.24
100201025-25,100201,502,15,114,2026-09-04,25,,47,111.38
100201026-26,100201,502,15,106,2026-09-05,26,,80,481.99
100201027-27,100201,502,25,120,2026-09-06,27,,43,267.88
100201028-28,100201,502,26,113,2026-09-07,28,,1,61.13
100201029-29,100201,502,26,102,2026-09-08,29,,27,220.54
100201030-30,100201,502,23,112,2026-09-09,30,,41,130.81
100202001-1,100202,502,14,114,2026-08-11,1,,4,428.02
100202002-2,100202,502,14,120,2026-08-12,2,,12,456.33
100202003-3,100202,502,16,103,2026-08-13,3,,29,197.59
100202004-4,100202,502,29,115,2026-08-14,4,,30,365.74
100202005-5,100202,502,11,115,2026-08-15,5,,95,108.15
100202006-6,100202,502,15,103,2026-08-16,6,,56,314.07
100202007-7,100202,502,14,117,2026-08-17,7,,15,150.96
100202008-8,100202,502,18,102,2026-08-18,8,,62,225.95
100202009-9,100202,502,15,117,2026-08-19,9,,79,308.51
100202010-10,100202,502,16,112,2026-08-20,10,,70,294.59
100202011-11,100202,502,13,109,2026-08-21,11,,67,230.36
100202012-12,100202,502,14,102,2026-08-22,12,,63,268.52
100202013-13,100202,502,21,104,2026-08-23,13,,79,210.27
100202014-14,100202,502,12,116,2026-08-24,14,,35,358.13
100202015-15,100202,502,22,102,2026-08-25,15,,5,361.37
100202016-16,100202,502,19,119,2026-08-26,16,,41,183.7
100202017-17,100202,502,25,106,2026-08-27,17,,34,9.3
100202018-18,100202,502,17,108,2026-08-28,18,,42,129.65
100202019-19,100202,502,11,119,2026-08-29,19,,60,110.35
100202020-20,100202,502,27,102,2026-08-30,20,,46,379.23
100202021-21,100202,502,26,117,2026-08-31,21,,95,178.62
100202022-22,100202,502,23,107,2026-09-01,22,,89,100.04
100202023-23,100202,502,12,111,2026-09-02,23,,63,438.7
100202024-24,100202,502,22,119,2026-09-03,24,,16,420.75
100202025-25,100202,502,21,110,2026-09-04,25,,73,163.55
100202026-26,100202,502,15,104,2026-09-05,26,,30,357.01
100202027-27,100202,502,19,105,2026-09-06,27,,64,366.66
100202028-28,100202,502,16,102,2026-09-07,28,,70,60.08
100202029-29,100202,502,26,118,2026-09-08,29,,92,276.83
100202030-30,100202,502,29,105,2026-09-09,30,,87,240.03
100203001-1,100203,502,20,116,2026-08-11,1,,81,406.62
100203002-2,100203,502,14,119,2026-08-12,2,,21,481.76
100203003-3,100203,502,28,107,2026-08-13,3,,36,218.57
100203004-4,100203,502,28,118,2026-08-14,4,,49,127.12
100203005-5,100203,502,18,115,2026-08-15,5,,42,70.04
100203006-6,100203,502,13,111,2026-08-16,6,,83,6.64
100203007-7,100203,502,25,102,2026-08-17,7,,99,147.45
100203008-8,100203,502,18,102,2026-08-18,8,,5,82.9
100203009-9,100203,502,16,108,2026-08-19,9,,66,488
100203010-10,100203,502,19,105,2026-08-20,10,,7,124.27
100203011-11,100203,502,15,105,2026-08-21,11,,92,150.69
100203012-12,100203,502,15,104,2026-08-22,12,,14,321.25
100203013-13,100203,502,23,102,2026-08-23,13,,40,468.78
100203014-14,100203,502,26,117,2026-08-24,14,,26,177.44
100203015-15,100203,502,14,115,2026-08-25,15,,74,417.74
100203016-16,100203,502,19,103,2026-08-26,16,,32,112.45
100203017-17,100203,502,28,101,2026-08-27,17,,83,253.67
100203018-18,100203,502,18,104,2026-08-28,18,,52,76.27
100203019-19,100203,502,24,103,2026-08-29,19,,34,290.07
100203020-20,100203,502,14,108,2026-08-30,20,,83,100.23
100203021-21,100203,502,21,106,2026-08-31,21,,6,187.75
100203022-22,100203,502,25,118,2026-09-01,22,,29,422.02
100203023-23,100203,502,26,111,2026-09-02,23,,71,60.66
100203024-24,100203,502,16,115,2026-09-03,24,,97,463.48
100203025-25,100203,502,27,111,2026-09-04,25,,66,167.36
100203026-26,100203,502,13,118,2026-09-05,26,,60,111.18
100203027-27,100203,502,20,114,2026-09-06,27,,52,187.98
100203028-28,100203,502,21,107,2026-09-07,28,,96,256.1
100203029-29,100203,502,22,109,2026-09-08,29,,44,66.2
100203030-30,100203,502,27,113,2026-09-09,30,,91,261.42
100204001-1,100204,502,16,115,2026-08-11,1,,78,25.23
100204002-2,100204,502,18,105,2026-08-12,2,,3,227.68
100204003-3,100204,502,28,106,2026-08-13,3,,88,57.28
100204004-4,100204,502,14,114,2026-08-14,4,,17,32.55
100204005-5,100204,502,14,101,2026-08-15,5,,70,450.23
100204006-6,100204,502,21,113,2026-08-16,6,,19,301.82
100204007-7,100204,502,27,101,2026-08-17,7,,49,307.46
100204008-8,100204,502,14,118,2026-08-18,8,,3,280.59
100204009-9,100204,502,14,106,2026-08-19,9,,16,100.64
100204010-10,100204,502,28,117,2026-08-20,10,,84,115.04
100204011-11,100204,502,11,113,2026-08-21,11,,41,472.52
100204012-12,100204,502,20,116,2026-08-22,12,,80,462.53
100204013-13,100204,502,21,117,2026-08-23,13,,71,300.64
100204014-14,100204,502,16,116,2026-08-24,14,,66,420.79
100204015-15,100204,502,11,111,2026-08-25,15,,33,343.22
100204016-16,100204,502,27,114,2026-08-26,16,,95,379.9
100204017-17,100204,502,22,114,2026-08-27,17,,36,119.38
100204018-18,100204,502,25,104,2026-08-28,18,,12,108.76
100204019-19,100204,502,29,110,2026-08-29,19,,69,272.68
100204020-20,100204,502,23,116,2026-08-30,20,,25,146.99
100204021-21,100204,502,13,106,2026-08-31,21,,73,315.07
100204022-22,100204,502,28,108,2026-09-01,22,,61,357.1
100204023-23,100204,502,10,107,2026-09-02,23,,87,308.47
100204024-24,100204,502,21,107,2026-09-03,24,,73,216.8
100204025-25,100204,502,12,118,2026-09-04,25,,62,251.7
100204026-26,100204,502,20,110,2026-09-05,26,,87,463.76
100204027-27,100204,502,18,113,2026-09-06,27,,15,399.78
100204028-28,100204,502,22,117,2026-09-07,28,,87,361.87
100204029-29,100204,502,29,119,2026-09-08,29,,47,8.09
100204030-30,100204,502,21,113,2026-09-09,30,,99,109.77
100205001-1,100205,502,15,105,2026-08-11,1,,77,254.58
100205002-2,100205,502,21,118,2026-08-12,2,,73,132.36
100205003-3,100205,502,26,106,2026-08-13,3,,58,287.31
100205004-4,100205,502,26,118,2026-08-14,4,,45,282.78
100205005-5,100205,502,12,112,2026-08-15,5,,3,499.06
100205006-6,100205,502,18,110,2026-08-16,6,,66,153.5
100205007-7,100205,502,28,106,2026-08-17,7,,23,129.72
100205008-8,100205,502,16,110,2026-08-18,8,,76,284.04
100205009-9,100205,502,20,109,2026-08-19,9,,46,491.99
100205010-10,100205,502,29,105,2026-08-20,10,,68,420.89
100205011-11,100205,502,22,102,2026-08-21,11,,77,161.71
100205012-12,100205,502,24,102,2026-08-22,12,,66,191.41
100205013-13,100205,502,16,118,2026-08-23,13,,64,281.94
100205014-14,100205,502,23,114,2026-08-24,14,,42,316.31
100205015-15,100205,502,27,120,2026-08-25,15,,20,184.13
100205016-16,100205,502,21,118,2026-08-26,16,,52,123.1
100205017-17,100205,502,21,103,2026-08-27,17,,74,203.82
100205018-18,100205,502,25,101,2026-08-28,18,,16,299.58
100205019-19,100205,502,23,118,2026-08-29,19,,42,362.36
100205020-20,100205,502,29,105,2026-08-30,20,,92,304.09
100205021-21,100205,502,19,102,2026-08-31,21,,80,274.14
100205022-22,100205,502,16,111,2026-09-01,22,,40,306.95
100205023-23,100205,502,14,104,2026-09-02,23,,85,112.5
100205024-24,100205,502,29,104,2026-09-03,24,,96,382.72
100205025-25,100205,502,14,101,2026-09-04,25,,62,130.62
100205026-26,100205,502,14,108,2026-09-05,26,,72,32.57
100205027-27,100205,502,25,103,2026-09-06,27,,98,369.88
100205028-28,100205,502,16,118,2026-09-07,28,,44,82.77
100205029-29,100205,502,26,106,2026-09-08,29,,11,137.49
100205030-30,100205,502,11,107,2026-09-09,30,,74,313.45
100206001-1,100206,502,10,111,2026-08-11,1,,90,69.23
100206002-2,100206,502,18,111,2026-08-12,2,,44,16.56
100206003-3,100206,502,12,105,2026-08-13,3,,50,206.88
100206004-4,100206,502,29,104,2026-08-14,4,,34,137.55
100206005-5,100206,502,18,108,2026-08-15,5,,87,492.14
100206006-6,100206,502,11,106,2026-08-16,6,,76,18.46
100206007-7,100206,502,26,118,2026-08-17,7,,46,461.64
100206008-8,100206,502,14,106,2026-08-18,8,,22,250.98
100206009-9,100206,502,15,109,2026-08-19,9,,96,205.8
100206010-10,100206,502,23,106,2026-08-20,10,,23,379.68
100206011-11,100206,502,24,110,2026-08-21,11,,52,246.21
100206012-12,100206,502,24,118,2026-08-22,12,,37,101.21
100206013-13,100206,502,25,106,2026-08-23,13,,97,344.33
100206014-14,100206,502,17,109,2026-08-24,14,,96,145.29
100206015-15,100206,502,19,110,2026-08-25,15,,66,225.52
100206016-16,100206,502,24,118,2026-08-26,16,,59,244.03
100206017-17,100206,502,22,119,2026-08-27,17,,90,413.8
100206018-18,100206,502,23,105,2026-08-28,18,,80,197.53
100206019-19,100206,502,29,118,2026-08-29,19,,37,70.06
100206020-20,100206,502,11,107,2026-08-30,20,,87,221.07
100206021-21,100206,502,16,105,2026-08-31,21,,14,433.3
100206022-22,100206,502,10,108,2026-09-01,22,,33,495.26
100206023-23,100206,502,16,115,2026-09-02,23,,78,312.69
100206024-24,100206,502,10,117,2026-09-03,24,,99,47.51
100206025-25,100206,502,13,101,2026-09-04,25,,22,223.75
100206026-26,100206,502,16,115,2026-09-05,26,,90,10.76
100206027-27,100206,502,22,107,2026-09-06,27,,85,163.05
100206028-28,100206,502,20,109,2026-09-07,28,,61,39.74
100206029-29,100206,502,11,111,2026-09-08,29,,32,427.53
100206030-30,100206,502,10,107,2026-09-09,30,,21,69.12
100207001-1,100207,502,29,114,2026-08-11,1,,92,49.13
100207002-2,100207,502,15,116,2026-08-12,2,,68,289.79
100207003-3,100207,502,11,102,2026-08-13,3,,93,442.09
100207004-4,100207,502,14,102,2026-08-14,4,,34,56.51
100207005-5,100207,502,28,110,2026-08-15,5,,68,223.5
100207006-6,100207,502,16,116,2026-08-16,6,,32,153.41
100207007-7,100207,502,11,107,2026-08-17,7,,43,271.88
100207008-8,100207,502,23,119,2026-08-18,8,,27,53.7
100207009-9,100207,502,22,102,2026-08-19,9,,29,465.88
100207010-10,100207,502,20,102,2026-08-20,10,,54,226.45
100207011-11,100207,502,14,113,2026-08-21,11,,78,220.85
100207012-12,100207,502,14,118,2026-08-22,12,,52,63.82
100207013-13,100207,502,12,107,2026-08-23,13,,67,103.19
100207014-14,100207,502,13,105,2026-08-24,14,,65,196.39
100207015-15,100207,502,29,111,2026-08-25,15,,19,477.02
100207016-16,100207,502,14,103,2026-08-26,16,,31,65.21
100207017-17,100207,502,16,102,2026-08-27,17,,18,48.41
100207018-18,100207,502,28,116,2026-08-28,18,,84,383.8
100207019-19,100207,502,18,104,2026-08-29,19,,89,346.46
100207020-20,100207,502,25,101,2026-08-30,20,,97,29.65
100207021-21,100207,502,21,109,2026-08-31,21,,51,387.03
100207022-22,100207,502,16,118,2026-09-01,22,,87,163.03
100207023-23,100207,502,23,102,2026-09-02,23,,75,155.41
100207024-24,100207,502,18,105,2026-09-03,24,,58,337.89
100207025-25,100207,502,22,114,2026-09-04,25,,40,109.77
100207026-26,100207,502,10,117,2026-09-05,26,,27,32.65
100207027-27,100207,502,20,119,2026-09-06,27,,10,288.08
100207028-28,100207,502,27,109,2026-09-07,28,,51,421.26
100207029-29,100207,502,18,101,2026-09-08,29,,54,482.42
100207030-30,100207,502,18,119,2026-09-09,30,,66,416.39
100208001-1,100208,502,14,116,2026-08-11,1,,75,11.34
100208002-2,100208,502,17,119,2026-08-12,2,,52,454.43
100208003-3,100208,502,29,101,2026-08-13,3,,76,49.45
100208004-4,100208,502,25,115,2026-08-14,4,,25,370.68
100208005-5,100208,502,21,115,2026-08-15,5,,44,182.92
100208006-6,100208,502,18,107,2026-08-16,6,,28,16.77
100208007-7,100208,502,23,108,2026-08-17,7,,4,390.92
100208008-8,100208,502,16,118,2026-08-18,8,,84,175.4
100208009-9,100208,502,13,111,2026-08-19,9,,99,272.35
100208010-10,100208,502,25,112,2026-08-20,10,,11,281.05
100208011-11,100208,502,23,102,2026-08-21,11,,11,119.9
100208012-12,100208,502,18,113,2026-08-22,12,,2,369.17
100208013-13,100208,502,22,117,2026-08-23,13,,59,11.89
100208014-14,100208,502,10,106,2026-08-24,14,,66,138.43
100208015-15,100208,502,16,103,2026-08-25,15,,28,34.22
100208016-16,100208,502,17,106,2026-08-26,16,,37,190.42
100208017-17,100208,502,11,107,2026-08-27,17,,18,237.87
100208018-18,100208,502,26,119,2026-08-28,18,,96,239.33
100208019-19,100208,502,11,103,2026-08-29,19,,38,86.6
100208020-20,100208,502,28,101,2026-08-30,20,,65,340.1
100208021-21,100208,502,23,115,2026-08-31,21,,45,446.3
100208022-22,100208,502,11,104,2026-09-01,22,,45,346.97
100208023-23,100208,502,23,117,2026-09-02,23,,75,161.46
100208024-24,100208,502,19,111,2026-09-03,24,,76,109.82
100208025-25,100208,502,22,102,2026-09-04,25,,40,85.16
100208026-26,100208,502,15,107,2026-09-05,26,,14,202.72
100208027-27,100208,502,28,113,2026-09-06,27,,25,18.59
100208028-28,100208,502,17,119,2026-09-07,28,,89,168.66
100208029-29,100208,502,21,114,2026-09-08,29,,54,32.11
100208030-30,100208,502,12,119,2026-09-09,30,,87,134.77
100209001-1,100209,502,24,113,2026-08-11,1,,59,238.79
100209002-2,100209,502,10,114,2026-08-12,2,,95,228.61
100209003-3,100209,502,18,113,2026-08-13,3,,27,85.58
100209004-4,100209,502,23,119,2026-08-14,4,,48,175.18
100209005-5,100209,502,19,111,2026-08-15,5,,72,480.9
100209006-6,100209,502,24,104,2026-08-16,6,,49,277.07
100209007-7,100209,502,28,119,2026-08-17,7,,4,40.11
100209008-8,100209,502,25,119,2026-08-18,8,,57,168.9
100209009-9,100209,502,18,114,2026-08-19,9,,75,12.14
100209010-10,100209,502,21,104,2026-08-20,10,,23,474.54
100209011-11,100209,502,17,101,2026-08-21,11,,82,417.54
100209012-12,100209,502,13,118,2026-08-22,12,,54,57.11
100209013-13,100209,502,17,116,2026-08-23,13,,25,345.57
100209014-14,100209,502,11,117,2026-08-24,14,,20,111.59
100209015-15,100209,502,28,109,2026-08-25,15,,17,100.97
100209016-16,100209,502,10,113,2026-08-26,16,,49,442.25
100209017-17,100209,502,27,114,2026-08-27,17,,29,141.55
100209018-18,100209,502,11,114,2026-08-28,18,,100,239.15
100209019-19,100209,502,23,118,2026-08-29,19,,84,279.51
100209020-20,100209,502,21,120,2026-08-30,20,,26,330.41
100209021-21,100209,502,26,105,2026-08-31,21,,47,371
100209022-22,100209,502,21,116,2026-09-01,22,,85,499.98
100209023-23,100209,502,21,109,2026-09-02,23,,8,384.61
100209024-24,100209,502,11,119,2026-09-03,24,,75,212.61
100209025-25,100209,502,28,109,2026-09-04,25,,70,368.31
100209026-26,100209,502,25,106,2026-09-05,26,,26,16.86
100209027-27,100209,502,20,115,2026-09-06,27,,99,436.28
100209028-28,100209,502,14,115,2026-09-07,28,,21,309.82
100209029-29,100209,502,18,106,2026-09-08,29,,68,240.84
100209030-30,100209,502,13,120,2026-09-09,30,,11,178.9
100210001-1,100210,502,22,110,2026-08-11,1,,61,149.97
100210002-2,100210,502,14,101,2026-08-12,2,,39,212.12
100210003-3,100210,502,20,120,2026-08-13,3,,2,114.27
100210004-4,100210,502,10,102,2026-08-14,4,,40,97.45
100210005-5,100210,502,28,110,2026-08-15,5,,27,120.82
100210006-6,100210,502,15,101,2026-08-16,6,,52,27.74
100210007-7,100210,502,28,111,2026-08-17,7,,9,107.59
100210008-8,100210,502,27,118,2026-08-18,8,,44,47.3
100210009-9,100210,502,22,105,2026-08-19,9,,83,220.95
100210010-10,100210,502,15,109,2026-08-20,10,,78,270.55
100210011-11,100210,502,17,110,2026-08-21,11,,26,488.26
100210012-12,100210,502,25,104,2026-08-22,12,,67,299.77
100210013-13,100210,502,22,109,2026-08-23,13,,57,395.19
100210014-14,100210,502,24,106,2026-08-24,14,,79,369.28
100210015-15,100210,502,23,114,2026-08-25,15,,67,193.24
100210016-16,100210,502,11,118,2026-08-26,16,,34,37.74
100210017-17,100210,502,25,103,2026-08-27,17,,90,469.99
100210018-18,100210,502,10,104,2026-08-28,18,,52,8
100210019-19,100210,502,16,118,2026-08-29,19,,29,475.61
100210020-20,100210,502,15,102,2026-08-30,20,,48,100.21
100210021-21,100210,502,17,117,2026-08-31,21,,9,241.36
100210022-22,100210,502,27,109,2026-09-01,22,,96,284.6
100210023-23,100210,502,16,105,2026-09-02,23,,94,23.81
100210024-24,100210,502,22,102,2026-09-03,24,,94,128.7
100210025-25,100210,502,29,115,2026-09-04,25,,4,156.64
100210026-26,100210,502,19,103,2026-09-05,26,,19,395.1
100210027-27,100210,502,24,107,2026-09-06,27,,1,172.14
100210028-28,100210,502,22,106,2026-09-07,28,,97,450.71
100210029-29,100210,502,15,101,2026-09-08,29,,81,475.4
100210030-30,100210,502,15,113,2026-09-09,30,,29,6.92
100301001-1,100301,503,17,116,2026-08-11,1,,77,285.56
100301002-2,100301,503,10,110,2026-08-12,2,,78,159.36
100301003-3,100301,503,11,109,2026-08-13,3,,21,499.41
100301004-4,100301,503,25,118,2026-08-14,4,,88,112.76
100301005-5,100301,503,26,101,2026-08-15,5,,15,256.25
100301006-6,100301,503,19,116,2026-08-16,6,,24,223.08
100301007-7,100301,503,28,117,2026-08-17,7,,1,254.81
100301008-8,100301,503,18,110,2026-08-18,8,,17,67.94
100301009-9,100301,503,16,110,2026-08-19,9,,35,308.1
100301010-10,100301,503,13,114,2026-08-20,10,,42,114.05
100301011-11,100301,503,24,107,2026-08-21,11,,26,179.64
100301012-12,100301,503,25,117,2026-08-22,12,,81,338.92
100301013-13,100301,503,23,104,2026-08-23,13,,76,198.11
100301014-14,100301,503,26,116,2026-08-24,14,,8,236.65
100301015-15,100301,503,26,112,2026-08-25,15,,46,291.55
100301016-16,100301,503,25,102,2026-08-26,16,,25,37.77
100301017-17,100301,503,19,107,2026-08-27,17,,81,84.99
100301018-18,100301,503,12,116,2026-08-28,18,,93,267.99
100301019-19,100301,503,22,102,2026-08-29,19,,60,242.91
100301020-20,100301,503,12,107,2026-08-30,20,,86,230.83
100301021-21,100301,503,21,115,2026-08-31,21,,27,490.77
100301022-22,100301,503,10,120,2026-09-01,22,,31,47.89
100301023-23,100301,503,17,117,2026-09-02,23,,72,273.85
100301024-24,100301,503,15,110,2026-09-03,24,,9,119.83
100301025-25,100301,503,22,103,2026-09-04,25,,67,176.41
100301026-26,100301,503,18,105,2026-09-05,26,,11,291.72
100301027-27,100301,503,17,117,2026-09-06,27,,92,62.93
100301028-28,100301,503,18,109,2026-09-07,28,,81,248.93
100301029-29,100301,503,18,103,2026-09-08,29,,77,135.5
100301030-30,100301,503,21,119,2026-09-09,30,,47,440.73
100302001-1,100302,503,12,106,2026-08-11,1,,100,296.75
100302002-2,100302,503,29,114,2026-08-12,2,,38,223.61
100302003-3,100302,503,20,109,2026-08-13,3,,40,326.08
100302004-4,100302,503,22,101,2026-08-14,4,,84,210.52
100302005-5,100302,503,15,102,2026-08-15,5,,90,447.39
100302006-6,100302,503,19,108,2026-08-16,6,,9,176.67
100302007-7,100302,503,19,112,2026-08-17,7,,23,198.81
100302008-8,100302,503,18,115,2026-08-18,8,,88,101.5
100302009-9,100302,503,13,108,2026-08-19,9,,64,462.38
100302010-10,100302,503,16,101,2026-08-20,10,,11,414.8
100302011-11,100302,503,24,103,2026-08-21,11,,30,232.94
100302012-12,100302,503,28,101,2026-08-22,12,,13,354.54
100302013-13,100302,503,19,103,2026-08-23,13,,21,282.84
100302014-14,100302,503,23,108,2026-08-24,14,,75,175.26
100302015-15,100302,503,11,120,2026-08-25,15,,74,76.65
100302016-16,100302,503,22,108,2026-08-26,16,,17,11.04
100302017-17,100302,503,25,115,2026-08-27,17,,81,209.34
100302018-18,100302,503,23,105,2026-08-28,18,,24,295.12
100302019-19,100302,503,28,114,2026-08-29,19,,48,138.59
100302020-20,100302,503,14,109,2026-08-30,20,,47,177.36
100302021-21,100302,503,12,107,2026-08-31,21,,7,205.54
100302022-22,100302,503,28,102,2026-09-01,22,,83,100.06
100302023-23,100302,503,25,109,2026-09-02,23,,67,69.39
100302024-24,100302,503,19,118,2026-09-03,24,,93,259.4
100302025-25,100302,503,21,102,2026-09-04,25,,18,251.09
100302026-26,100302,503,13,113,2026-09-05,26,,63,409
100302027-27,100302,503,14,114,2026-09-06,27,,95,303.5
100302028-28,100302,503,12,117,2026-09-07,28,,67,54.78
100302029-29,100302,503,13,101,2026-09-08,29,,85,73.17
100302030-30,100302,503,23,111,2026-09-09,30,,97,363.7
100303001-1,100303,503,12,111,2026-08-11,1,,20,442.79
100303002-2,100303,503,21,111,2026-08-12,2,,35,258.76
100303003-3,100303,503,11,104,2026-08-13,3,,98,316.23
100303004-4,100303,503,15,113,2026-08-14,4,,62,135.26
100303005-5,100303,503,24,104,2026-08-15,5,,37,53.24
100303006-6,100303,503,15,118,2026-08-16,6,,98,357.45
100303007-7,100303,503,18,106,2026-08-17,7,,92,411.66
100303008-8,100303,503,13,113,2026-08-18,8,,30,194.93
100303009-9,100303,503,25,109,2026-08-19,9,,39,470.16
100303010-10,100303,503,18,114,2026-08-20,10,,57,366.06
100303011-11,100303,503,20,109,2026-08-21,11,,19,406.47
100303012-12,100303,503,28,107,2026-08-22,12,,81,359.44
100303013-13,100303,503,27,111,2026-08-23,13,,85,255.65
100303014-14,100303,503,15,120,2026-08-24,14,,62,417.23
100303015-15,100303,503,24,117,2026-08-25,15,,73,416.98
100303016-16,100303,503,26,102,2026-08-26,16,,82,296.46
100303017-17,100303,503,28,118,2026-08-27,17,,2,307.15
100303018-18,100303,503,22,120,2026-08-28,18,,63,101.71
100303019-19,100303,503,14,105,2026-08-29,19,,39,230.52
100303020-20,100303,503,23,117,2026-08-30,20,,31,185.1
100303021-21,100303,503,17,119,2026-08-31,21,,40,157.02
100303022-22,100303,503,22,108,2026-09-01,22,,39,228.74
100303023-23,100303,503,14,105,2026-09-02,23,,84,457.87
100303024-24,100303,503,25,106,2026-09-03,24,,62,236.42
100303025-25,100303,503,20,105,2026-09-04,25,,30,168.55
100303026-26,100303,503,21,105,2026-09-05,26,,78,419.62
100303027-27,100303,503,21,117,2026-09-06,27,,45,19.34
100303028-28,100303,503,18,104,2026-09-07,28,,4,123.64
100303029-29,100303,503,19,108,2026-09-08,29,,35,266.83
100303030-30,100303,503,24,117,2026-09-09,30,,18,222.37
100304001-1,100304,503,19,118,2026-08-11,1,,96,93.32
100304002-2,100304,503,12,120,2026-08-12,2,,100,173.46
100304003-3,100304,503,18,102,2026-08-13,3,,67,270.87
100304004-4,100304,503,16,107,2026-08-14,4,,62,178.51
100304005-5,100304,503,17,109,2026-08-15,5,,37,99.77
100304006-6,100304,503,12,107,2026-08-16,6,,55,293.83
100304007-7,100304,503,10,110,2026-08-17,7,,53,193.06
100304008-8,100304,503,26,103,2026-08-18,8,,57,97.03
100304009-9,100304,503,17,109,2026-08-19,9,,53,446.42
100304010-10,100304,503,20,119,2026-08-20,10,,26,184.24
100304011-11,100304,503,23,114,2026-08-21,11,,45,257.07
100304012-12,100304,503,16,107,2026-08-22,12,,7,154.3
100304013-13,100304,503,14,108,2026-08-23,13,,14,381.58
100304014-14,100304,503,26,108,2026-08-24,14,,57,488.13
100304015-15,100304,503,10,111,2026-08-25,15,,70,46.75
100304016-16,100304,503,28,114,2026-08-26,16,,14,43.7
100304017-17,100304,503,20,104,2026-08-27,17,,20,365.46
100304018-18,100304,503,16,112,2026-08-28,18,,86,311.62
100304019-19,100304,503,14,112,2026-08-29,19,,36,179.24
100304020-20,100304,503,25,111,2026-08-30,20,,22,271.72
100304021-21,100304,503,25,105,2026-08-31,21,,7,293.73
100304022-22,100304,503,10,101,2026-09-01,22,,73,29.29
100304023-23,100304,503,12,118,2026-09-02,23,,93,342.24
100304024-24,100304,503,22,111,2026-09-03,24,,35,418.59
100304025-25,100304,503,17,118,2026-09-04,25,,99,196.13
100304026-26,100304,503,13,111,2026-09-05,26,,96,499.97
100304027-27,100304,503,29,106,2026-09-06,27,,68,239.05
100304028-28,100304,503,12,114,2026-09-07,28,,62,92.09
100304029-29,100304,503,19,106,2026-09-08,29,,39,345.08
100304030-30,100304,503,15,117,2026-09-09,30,,2,88.88
100305001-1,100305,503,22,116,2026-08-11,1,,40,436.25
100305002-2,100305,503,12,102,2026-08-12,2,,29,322.64
100305003-3,100305,503,13,116,2026-08-13,3,,28,188.75
100305004-4,100305,503,16,119,2026-08-14,4,,75,146.11
100305005-5,100305,503,16,113,2026-08-15,5,,77,214.58
100305006-6,100305,503,28,110,2026-08-16,6,,30,59.53
100305007-7,100305,503,16,115,2026-08-17,7,,31,256.94
100305008-8,100305,503,18,113,2026-08-18,8,,47,485.46
100305009-9,100305,503,19,116,2026-08-19,9,,48,225.7
100305010-10,100305,503,22,110,2026-08-20,10,,27,303.74
100305011-11,100305,503,10,106,2026-08-21,11,,41,446.24
100305012-12,100305,503,21,118,2026-08-22,12,,84,100.89
100305013-13,100305,503,11,110,2026-08-23,13,,40,21.18
100305014-14,100305,503,16,116,2026-08-24,14,,49,192.22
100305015-15,100305,503,13,111,2026-08-25,15,,91,299.94
100305016-16,100305,503,25,114,2026-08-26,16,,82,85.82
100305017-17,100305,503,12,112,2026-08-27,17,,47,462.87
100305018-18,100305,503,10,105,2026-08-28,18,,22,91.65
100305019-19,100305,503,14,106,2026-08-29,19,,53,382.54
100305020-20,100305,503,29,116,2026-08-30,20,,59,220.21
100305021-21,100305,503,16,111,2026-08-31,21,,56,34.6
100305022-22,100305,503,19,105,2026-09-01,22,,86,38.71
100305023-23,100305,503,11,110,2026-09-02,23,,21,202.46
100305024-24,100305,503,20,102,2026-09-03,24,,92,285.05
100305025-25,100305,503,28,109,2026-09-04,25,,53,346.84
100305026-26,100305,503,22,102,2026-09-05,26,,11,212.35
100305027-27,100305,503,18,103,2026-09-06,27,,17,308.09
100305028-28,100305,503,17,103,2026-09-07,28,,72,301.1
100305029-29,100305,503,21,102,2026-09-08,29,,54,250.96
100305030-30,100305,503,27,110,2026-09-09,30,,28,158.36
100306001-1,100306,503,19,118,2026-08-11,1,,68,493.8
100306002-2,100306,503,14,104,2026-08-12,2,,70,253.72
100306003-3,100306,503,29,103,2026-08-13,3,,4,78.29
100306004-4,100306,503,18,101,2026-08-14,4,,18,77.01
100306005-5,100306,503,16,102,2026-08-15,5,,17,235.15
100306006-6,100306,503,15,107,2026-08-16,6,,16,469.58
100306007-7,100306,503,22,118,2026-08-17,7,,61,95.7
100306008-8,100306,503,21,119,2026-08-18,8,,67,66.62
100306009-9,100306,503,10,110,2026-08-19,9,,25,203.94
100306010-10,100306,503,14,103,2026-08-20,10,,27,305.42
100306011-11,100306,503,21,110,2026-08-21,11,,61,238.17
100306012-12,100306,503,22,104,2026-08-22,12,,67,96.57
100306013-13,100306,503,14,115,2026-08-23,13,,60,83.89
100306014-14,100306,503,19,107,2026-08-24,14,,76,209.76
100306015-15,100306,503,23,119,2026-08-25,15,,60,166.4
100306016-16,100306,503,25,120,2026-08-26,16,,40,359.67
100306017-17,100306,503,23,102,2026-08-27,17,,81,57.59
100306018-18,100306,503,20,109,2026-08-28,18,,85,388.5
100306019-19,100306,503,10,119,2026-08-29,19,,97,300.33
100306020-20,100306,503,13,118,2026-08-30,20,,59,177.22
100306021-21,100306,503,22,105,2026-08-31,21,,59,489.93
100306022-22,100306,503,15,113,2026-09-01,22,,39,141.29
100306023-23,100306,503,10,108,2026-09-02,23,,95,473.21
100306024-24,100306,503,29,115,2026-09-03,24,,18,41.1
100306025-25,100306,503,15,111,2026-09-04,25,,3,39.67
100306026-26,100306,503,26,110,2026-09-05,26,,53,486.75
100306027-27,100306,503,13,102,2026-09-06,27,,25,419.39
100306028-28,100306,503,25,107,2026-09-07,28,,24,40.05
100306029-29,100306,503,10,110,2026-09-08,29,,84,95.15
100306030-30,100306,503,25,117,2026-09-09,30,,97,395.93
100307001-1,100307,503,14,118,2026-08-11,1,,33,130.23
100307002-2,100307,503,28,109,2026-08-12,2,,95,260.33
100307003-3,100307,503,12,106,2026-08-13,3,,10,427.83
100307004-4,100307,503,22,108,2026-08-14,4,,63,256.86
100307005-5,100307,503,14,107,2026-08-15,5,,4,103.01
100307006-6,100307,503,25,103,2026-08-16,6,,78,224.76
100307007-7,100307,503,27,118,2026-08-17,7,,23,32.4
100307008-8,100307,503,25,116,2026-08-18,8,,48,320.45
100307009-9,100307,503,28,107,2026-08-19,9,,54,169.28
100307010-10,100307,503,17,118,2026-08-20,10,,17,395.79
100307011-11,100307,503,13,107,2026-08-21,11,,1,121.43
100307012-12,100307,503,13,112,2026-08-22,12,,32,277.68
100307013-13,100307,503,17,103,2026-08-23,13,,3,399.81
100307014-14,100307,503,21,113,2026-08-24,14,,53,217.72
100307015-15,100307,503,15,120,2026-08-25,15,,1,72.62
100307016-16,100307,503,27,116,2026-08-26,16,,29,355.38
100307017-17,100307,503,25,119,2026-08-27,17,,84,292.6
100307018-18,100307,503,26,104,2026-08-28,18,,85,444.18
100307019-19,100307,503,28,106,2026-08-29,19,,46,45.07
100307020-20,100307,503,27,116,2026-08-30,20,,5,345.2
100307021-21,100307,503,21,102,2026-08-31,21,,26,282.36
100307022-22,100307,503,19,106,2026-09-01,22,,26,329.48
100307023-23,100307,503,15,115,2026-09-02,23,,4,366.22
100307024-24,100307,503,25,111,2026-09-03,24,,41,14.25
100307025-25,100307,503,16,103,2026-09-04,25,,91,238.77
100307026-26,100307,503,28,102,2026-09-05,26,,14,404.29
100307027-27,100307,503,17,116,2026-09-06,27,,13,302.62
100307028-28,100307,503,14,116,2026-09-07,28,,99,277.87
100307029-29,100307,503,15,112,2026-09-08,29,,68,37.6
100307030-30,100307,503,23,104,2026-09-09,30,,87,101.85
100308001-1,100308,503,14,118,2026-08-11,1,,25,244.98
100308002-2,100308,503,22,119,2026-08-12,2,,85,356.52
100308003-3,100308,503,13,113,2026-08-13,3,,62,409.74
100308004-4,100308,503,19,103,2026-08-14,4,,96,43.62
100308005-5,100308,503,19,116,2026-08-15,5,,87,27.6
100308006-6,100308,503,29,109,2026-08-16,6,,85,54.54
100308007-7,100308,503,19,119,2026-08-17,7,,43,259.1
100308008-8,100308,503,29,115,2026-08-18,8,,57,308.07
100308009-9,100308,503,27,102,2026-08-19,9,,67,305.26
100308010-10,100308,503,18,101,2026-08-20,10,,28,86.49
100308011-11,100308,503,27,106,2026-08-21,11,,82,197.92
100308012-12,100308,503,23,101,2026-08-22,12,,59,284.68
100308013-13,100308,503,24,104,2026-08-23,13,,20,145.85
100308014-14,100308,503,13,110,2026-08-24,14,,63,55.28
100308015-15,100308,503,20,103,2026-08-25,15,,36,346.94
100308016-16,100308,503,13,112,2026-08-26,16,,58,149.15
100308017-17,100308,503,10,108,2026-08-27,17,,97,441.94
100308018-18,100308,503,14,111,2026-08-28,18,,22,444.44
100308019-19,100308,503,19,107,2026-08-29,19,,57,59.83
100308020-20,100308,503,11,111,2026-08-30,20,,39,175.93
100308021-21,100308,503,24,102,2026-08-31,21,,4,316.78
100308022-22,100308,503,18,107,2026-09-01,22,,95,234.1
100308023-23,100308,503,22,101,2026-09-02,23,,18,210.49
100308024-24,100308,503,24,116,2026-09-03,24,,52,435.07
100308025-25,100308,503,25,104,2026-09-04,25,,90,101.7
100308026-26,100308,503,28,112,2026-09-05,26,,46,271.78
100308027-27,100308,503,10,108,2026-09-06,27,,60,267.41
100308028-28,100308,503,20,109,2026-09-07,28,,68,91.4
100308029-29,100308,503,13,113,2026-09-08,29,,85,271.34
100308030-30,100308,503,18,111,2026-09-09,30,,50,42.32
100309001-1,100309,503,14,114,2026-08-11,1,,44,273.05
100309002-2,100309,503,18,104,2026-08-12,2,,15,20.57
100309003-3,100309,503,24,109,2026-08-13,3,,2,395.26
100309004-4,100309,503,25,103,2026-08-14,4,,4,466.05
100309005-5,100309,503,18,113,2026-08-15,5,,9,382.97
100309006-6,100309,503,14,116,2026-08-16,6,,67,277.23
100309007-7,100309,503,12,114,2026-08-17,7,,36,329.32
100309008-8,100309,503,26,108,2026-08-18,8,,48,117.92
100309009-9,100309,503,24,101,2026-08-19,9,,31,412.63
100309010-10,100309,503,18,105,2026-08-20,10,,89,207.09
100309011-11,100309,503,28,109,2026-08-21,11,,97,26.21
100309012-12,100309,503,20,108,2026-08-22,12,,27,478.78
100309013-13,100309,503,19,108,2026-08-23,13,,43,344.86
100309014-14,100309,503,21,109,2026-08-24,14,,58,392.9
100309015-15,100309,503,22,108,2026-08-25,15,,12,166.37
100309016-16,100309,503,11,116,2026-08-26,16,,42,87.48
100309017-17,100309,503,17,107,2026-08-27,17,,89,20.64
100309018-18,100309,503,19,106,2026-08-28,18,,10,489.13
100309019-19,100309,503,12,109,2026-08-29,19,,97,279.01
100309020-20,100309,503,10,110,2026-08-30,20,,52,5.57
100309021-21,100309,503,25,114,2026-08-31,21,,93,400.94
100309022-22,100309,503,22,113,2026-09-01,22,,36,57.49
100309023-23,100309,503,12,101,2026-09-02,23,,45,92.66
100309024-24,100309,503,23,113,2026-09-03,24,,55,198.26
100309025-25,100309,503,26,114,2026-09-04,25,,45,229.47
100309026-26,100309,503,14,119,2026-09-05,26,,60,107.18
100309027-27,100309,503,28,106,2026-09-06,27,,89,413.83
100309028-28,100309,503,13,119,2026-09-07,28,,86,323.04
100309029-29,100309,503,17,109,2026-09-08,29,,94,231.38
100309030-30,100309,503,21,116,2026-09-09,30,,19,143.75
100310001-1,100310,503,14,106,2026-08-11,1,,60,276.79
100310002-2,100310,503,14,120,2026-08-12,2,,86,429.43
100310003-3,100310,503,11,109,2026-08-13,3,,76,231.57
100310004-4,100310,503,21,111,2026-08-14,4,,95,331.71
100310005-5,100310,503,29,112,2026-08-15,5,,95,445.52
100310006-6,100310,503,25,114,2026-08-16,6,,21,182.24
100310007-7,100310,503,19,110,2026-08-17,7,,95,338.34
100310008-8,100310,503,25,118,2026-08-18,8,,64,156.37
100310009-9,100310,503,17,105,2026-08-19,9,,13,147.34
100310010-10,100310,503,13,105,2026-08-20,10,,81,133.58
100310011-11,100310,503,29,103,2026-08-21,11,,9,362.1
100310012-12,100310,503,22,104,2026-08-22,12,,31,27.1
100310013-13,100310,503,16,116,2026-08-23,13,,52,119.18
100310014-14,100310,503,19,112,2026-08-24,14,,95,270.22
100310015-15,100310,503,15,110,2026-08-25,15,,10,136.65
100310016-16,100310,503,23,103,2026-08-26,16,,40,139.97
100310017-17,100310,503,21,104,2026-08-27,17,,91,495.12
100310018-18,100310,503,26,113,2026-08-28,18,,81,156.75
100310019-19,100310,503,20,115,2026-08-29,19,,13,243.83
100310020-20,100310,503,10,106,2026-08-30,20,,65,175.96
100310021-21,100310,503,12,102,2026-08-31,21,,42,451.27
100310022-22,100310,503,18,107,2026-09-01,22,,77,48.99
100310023-23,100310,503,16,103,2026-09-02,23,,79,16.07
100310024-24,100310,503,20,111,2026-09-03,24,,70,389.62
100310025-25,100310,503,23,118,2026-09-04,25,,94,47.09
100310026-26,100310,503,11,119,2026-09-05,26,,41,371.47
100310027-27,100310,503,24,117,2026-09-06,27,,60,368.98
100310028-28,100310,503,21,108,2026-09-07,28,,39,332.51
100310029-29,100310,503,23,116,2026-09-08,29,,68,288.69
100310030-30,100310,503,24,103,2026-09-09,30,,7,7.76
100401001-1,100401,504,15,115,2026-08-11,1,,41,412.28
100401002-2,100401,504,18,111,2026-08-12,2,,9,115.64
100401003-3,100401,504,12,116,2026-08-13,3,,16,122.45
100401004-4,100401,504,27,106,2026-08-14,4,,90,86.26
100401005-5,100401,504,24,115,2026-08-15,5,,11,287.93
100401006-6,100401,504,11,107,2026-08-16,6,,35,124.13
100401007-7,100401,504,28,114,2026-08-17,7,,80,248.34
100401008-8,100401,504,11,105,2026-08-18,8,,84,410.85
100401009-9,100401,504,25,112,2026-08-19,9,,79,317.08
100401010-10,100401,504,23,112,2026-08-20,10,,42,126.4
100401011-11,100401,504,15,120,2026-08-21,11,,81,373.1
100401012-12,100401,504,20,115,2026-08-22,12,,89,353.85
100401013-13,100401,504,13,102,2026-08-23,13,,63,358.07
100401014-14,100401,504,23,120,2026-08-24,14,,85,320.46
100401015-15,100401,504,19,120,2026-08-25,15,,43,343.44
100401016-16,100401,504,23,104,2026-08-26,16,,87,79.27
100401017-17,100401,504,11,105,2026-08-27,17,,59,374.39
100401018-18,100401,504,20,107,2026-08-28,18,,92,297.3
100401019-19,100401,504,13,113,2026-08-29,19,,2,106.89
100401020-20,100401,504,17,108,2026-08-30,20,,94,369.19
100401021-21,100401,504,29,107,2026-08-31,21,,79,303.25
100401022-22,100401,504,28,120,2026-09-01,22,,81,120.29
100401023-23,100401,504,12,109,2026-09-02,23,,74,208.85
100401024-24,100401,504,29,104,2026-09-03,24,,83,127.41
100401025-25,100401,504,21,107,2026-09-04,25,,27,457.21
100401026-26,100401,504,16,111,2026-09-05,26,,73,265.98
100401027-27,100401,504,17,102,2026-09-06,27,,3,175.67
100401028-28,100401,504,21,114,2026-09-07,28,,41,419.84
100401029-29,100401,504,10,118,2026-09-08,29,,65,499.68
100401030-30,100401,504,23,111,2026-09-09,30,,32,21.25
100402001-1,100402,504,27,115,2026-08-11,1,,9,255.18
100402002-2,100402,504,10,108,2026-08-12,2,,35,170.15
100402003-3,100402,504,19,102,2026-08-13,3,,30,159.75
100402004-4,100402,504,14,119,2026-08-14,4,,21,435.49
100402005-5,100402,504,24,109,2026-08-15,5,,41,439.49
100402006-6,100402,504,19,118,2026-08-16,6,,93,415.5
100402007-7,100402,504,25,120,2026-08-17,7,,70,113.58
100402008-8,100402,504,15,111,2026-08-18,8,,99,96.29
100402009-9,100402,504,28,118,2026-08-19,9,,19,264.49
100402010-10,100402,504,19,105,2026-08-20,10,,93,408.4
100402011-11,100402,504,14,102,2026-08-21,11,,85,288.53
100402012-12,100402,504,26,105,2026-08-22,12,,98,468.41
100402013-13,100402,504,29,116,2026-08-23,13,,14,32.87
100402014-14,100402,504,26,102,2026-08-24,14,,82,325.73
100402015-15,100402,504,12,119,2026-08-25,15,,15,141.44
100402016-16,100402,504,22,105,2026-08-26,16,,5,200.25
100402017-17,100402,504,23,110,2026-08-27,17,,59,97.04
100402018-18,100402,504,28,117,2026-08-28,18,,74,437.17
100402019-19,100402,504,23,106,2026-08-29,19,,66,363.45
100402020-20,100402,504,26,105,2026-08-30,20,,10,368.82
100402021-21,100402,504,11,103,2026-08-31,21,,27,104.03
100402022-22,100402,504,21,116,2026-09-01,22,,6,431
100402023-23,100402,504,17,119,2026-09-02,23,,71,325.05
100402024-24,100402,504,15,105,2026-09-03,24,,65,286.22
100402025-25,100402,504,21,119,2026-09-04,25,,36,405.26
100402026-26,100402,504,28,106,2026-09-05,26,,16,109.09
100402027-27,100402,504,25,120,2026-09-06,27,,88,157.56
100402028-28,100402,504,12,114,2026-09-07,28,,28,285.16
100402029-29,100402,504,12,106,2026-09-08,29,,53,377.7
100402030-30,100402,504,24,110,2026-09-09,30,,81,316.95
100403001-1,100403,504,29,107,2026-08-11,1,,29,230.74
100403002-2,100403,504,20,104,2026-08-12,2,,26,401.3
100403003-3,100403,504,23,113,2026-08-13,3,,46,168.82
100403004-4,100403,504,11,108,2026-08-14,4,,43,225.86
100403005-5,100403,504,13,106,2026-08-15,5,,25,289.28
100403006-6,100403,504,28,106,2026-08-16,6,,82,397.37
100403007-7,100403,504,17,109,2026-08-17,7,,77,481.8
100403008-8,100403,504,17,118,2026-08-18,8,,41,275.46
100403009-9,100403,504,21,120,2026-08-19,9,,53,361.41
100403010-10,100403,504,13,113,2026-08-20,10,,37,206.89
100403011-11,100403,504,27,103,2026-08-21,11,,41,201.8
100403012-12,100403,504,15,107,2026-08-22,12,,44,438.14
100403013-13,100403,504,28,103,2026-08-23,13,,65,387.58
100403014-14,100403,504,27,118,2026-08-24,14,,83,74.02
100403015-15,100403,504,20,112,2026-08-25,15,,45,133.64
100403016-16,100403,504,11,118,2026-08-26,16,,63,476.52
100403017-17,100403,504,26,108,2026-08-27,17,,85,194.58
100403018-18,100403,504,16,108,2026-08-28,18,,44,17.11
100403019-19,100403,504,19,114,2026-08-29,19,,32,498.84
100403020-20,100403,504,26,117,2026-08-30,20,,70,195.38
100403021-21,100403,504,15,116,2026-08-31,21,,67,487.03
100403022-22,100403,504,15,110,2026-09-01,22,,59,275.81
100403023-23,100403,504,21,109,2026-09-02,23,,59,248.53
100403024-24,100403,504,17,109,2026-09-03,24,,93,39.59
100403025-25,100403,504,14,115,2026-09-04,25,,32,291.03
100403026-26,100403,504,13,106,2026-09-05,26,,20,193.19
100403027-27,100403,504,13,120,2026-09-06,27,,33,297.8
100403028-28,100403,504,10,117,2026-09-07,28,,82,406.12
100403029-29,100403,504,22,118,2026-09-08,29,,5,443.79
100403030-30,100403,504,16,109,2026-09-09,30,,11,338.15
100404001-1,100404,504,18,103,2026-08-11,1,,76,164.86
100404002-2,100404,504,11,105,2026-08-12,2,,23,79.59
100404003-3,100404,504,19,117,2026-08-13,3,,36,457
100404004-4,100404,504,13,115,2026-08-14,4,,3,342.92
100404005-5,100404,504,23,113,2026-08-15,5,,69,175.62
100404006-6,100404,504,12,109,2026-08-16,6,,100,493.77
100404007-7,100404,504,29,109,2026-08-17,7,,16,349.93
100404008-8,100404,504,25,108,2026-08-18,8,,53,447.62
100404009-9,100404,504,20,114,2026-08-19,9,,41,151.95
100404010-10,100404,504,11,102,2026-08-20,10,,33,492.6
100404011-11,100404,504,27,110,2026-08-21,11,,87,33.04
100404012-12,100404,504,12,102,2026-08-22,12,,100,382.86
100404013-13,100404,504,23,111,2026-08-23,13,,50,283.88
100404014-14,100404,504,13,110,2026-08-24,14,,41,114.68
100404015-15,100404,504,29,111,2026-08-25,15,,68,44.55
100404016-16,100404,504,27,105,2026-08-26,16,,82,479.06
100404017-17,100404,504,18,111,2026-08-27,17,,58,93.01
100404018-18,100404,504,11,103,2026-08-28,18,,92,186.88
100404019-19,100404,504,26,115,2026-08-29,19,,49,90.1
100404020-20,100404,504,12,110,2026-08-30,20,,17,225.24
100404021-21,100404,504,25,105,2026-08-31,21,,85,85.19
100404022-22,100404,504,17,117,2026-09-01,22,,63,263.86
100404023-23,100404,504,29,103,2026-09-02,23,,19,214.96
100404024-24,100404,504,28,108,2026-09-03,24,,87,448.06
100404025-25,100404,504,19,115,2026-09-04,25,,20,459.26
100404026-26,100404,504,21,107,2026-09-05,26,,81,26.47
100404027-27,100404,504,25,118,2026-09-06,27,,30,251.64
100404028-28,100404,504,22,117,2026-09-07,28,,63,36.37
100404029-29,100404,504,24,102,2026-09-08,29,,93,434.19
100404030-30,100404,504,10,103,2026-09-09,30,,11,201.98
100405001-1,100405,504,22,114,2026-08-11,1,,67,377.89
100405002-2,100405,504,14,109,2026-08-12,2,,35,54.97
100405003-3,100405,504,26,115,2026-08-13,3,,14,445.57
100405004-4,100405,504,20,120,2026-08-14,4,,37,40.06
100405005-5,100405,504,26,119,2026-08-15,5,,2,206.56
100405006-6,100405,504,25,101,2026-08-16,6,,18,104.48
100405007-7,100405,504,25,104,2026-08-17,7,,74,360.94
100405008-8,100405,504,29,113,2026-08-18,8,,24,318.93
100405009-9,100405,504,15,108,2026-08-19,9,,78,473.09
100405010-10,100405,504,14,120,2026-08-20,10,,97,55.94
100405011-11,100405,504,10,106,2026-08-21,11,,67,335.11
100405012-12,100405,504,16,101,2026-08-22,12,,36,495.47
100405013-13,100405,504,10,104,2026-08-23,13,,83,137.1
100405014-14,100405,504,27,114,2026-08-24,14,,65,54.11
100405015-15,100405,504,12,104,2026-08-25,15,,30,66.37
100405016-16,100405,504,29,119,2026-08-26,16,,17,394.09
100405017-17,100405,504,23,103,2026-08-27,17,,65,411.48
100405018-18,100405,504,17,110,2026-08-28,18,,92,157.51
100405019-19,100405,504,15,110,2026-08-29,19,,5,106.34
100405020-20,100405,504,10,110,2026-08-30,20,,13,312.59
100405021-21,100405,504,24,110,2026-08-31,21,,31,446.19
100405022-22,100405,504,20,103,2026-09-01,22,,81,25.74
100405023-23,100405,504,21,103,2026-09-02,23,,24,31.3
100405024-24,100405,504,15,119,2026-09-03,24,,27,430.85
100405025-25,100405,504,18,116,2026-09-04,25,,19,210.3
100405026-26,100405,504,18,109,2026-09-05,26,,89,292.02
100405027-27,100405,504,16,108,2026-09-06,27,,12,336.96
100405028-28,100405,504,23,120,2026-09-07,28,,40,424.53
100405029-29,100405,504,28,103,2026-09-08,29,,56,15.08
100405030-30,100405,504,26,112,2026-09-09,30,,40,383.93
100406001-1,100406,504,24,101,2026-08-11,1,,77,233.99
100406002-2,100406,504,26,119,2026-08-12,2,,39,36.81
100406003-3,100406,504,21,109,2026-08-13,3,,75,207.97
100406004-4,100406,504,28,106,2026-08-14,4,,41,84.1
100406005-5,100406,504,18,120,2026-08-15,5,,94,467.69
100406006-6,100406,504,27,112,2026-08-16,6,,61,376.44
100406007-7,100406,504,15,117,2026-08-17,7,,93,205.46
100406008-8,100406,504,28,119,2026-08-18,8,,37,464.98
100406009-9,100406,504,18,119,2026-08-19,9,,42,215.99
100406010-10,100406,504,19,115,2026-08-20,10,,88,222.9
100406011-11,100406,504,22,103,2026-08-21,11,,61,102.73
100406012-12,100406,504,23,112,2026-08-22,12,,58,36.25
100406013-13,100406,504,13,109,2026-08-23,13,,58,473.62
100406014-14,100406,504,17,101,2026-08-24,14,,47,477.26
100406015-15,100406,504,18,101,2026-08-25,15,,9,334.07
100406016-16,100406,504,14,115,2026-08-26,16,,2,35.41
100406017-17,100406,504,29,110,2026-08-27,17,,36,211.84
100406018-18,100406,504,14,103,2026-08-28,18,,11,259.83
100406019-19,100406,504,18,108,2026-08-29,19,,59,426.01
100406020-20,100406,504,15,119,2026-08-30,20,,83,227.94
100406021-21,100406,504,29,105,2026-08-31,21,,60,354.29
100406022-22,100406,504,24,109,2026-09-01,22,,77,208.55
100406023-23,100406,504,12,109,2026-09-02,23,,57,460.84
100406024-24,100406,504,28,101,2026-09-03,24,,74,319.32
100406025-25,100406,504,15,102,2026-09-04,25,,26,299.04
100406026-26,100406,504,21,117,2026-09-05,26,,61,279.59
100406027-27,100406,504,13,107,2026-09-06,27,,82,201.77
100406028-28,100406,504,25,119,2026-09-07,28,,45,72.1
100406029-29,100406,504,17,104,2026-09-08,29,,9,408.2
100406030-30,100406,504,18,109,2026-09-09,30,,1,55.79
100407001-1,100407,504,15,105,2026-08-11,1,,98,184.33
100407002-2,100407,504,25,109,2026-08-12,2,,67,7
100407003-3,100407,504,20,115,2026-08-13,3,,81,236.23
100407004-4,100407,504,16,114,2026-08-14,4,,92,183.8
100407005-5,100407,504,28,119,2026-08-15,5,,70,358.71
100407006-6,100407,504,11,104,2026-08-16,6,,98,494.34
100407007-7,100407,504,29,102,2026-08-17,7,,80,99.2
100407008-8,100407,504,20,107,2026-08-18,8,,7,6.3
100407009-9,100407,504,18,113,2026-08-19,9,,71,382.93
100407010-10,100407,504,24,117,2026-08-20,10,,73,305.34
100407011-11,100407,504,22,102,2026-08-21,11,,60,467.5
100407012-12,100407,504,12,120,2026-08-22,12,,61,15.88
100407013-13,100407,504,29,104,2026-08-23,13,,92,499.04
100407014-14,100407,504,13,103,2026-08-24,14,,74,168.58
100407015-15,100407,504,19,111,2026-08-25,15,,86,141.44
100407016-16,100407,504,17,118,2026-08-26,16,,21,359.51
100407017-17,100407,504,27,109,2026-08-27,17,,25,415.87
100407018-18,100407,504,21,111,2026-08-28,18,,44,28.7
100407019-19,100407,504,11,111,2026-08-29,19,,59,182.79
100407020-20,100407,504,16,116,2026-08-30,20,,77,383.91
100407021-21,100407,504,14,106,2026-08-31,21,,31,185.64
100407022-22,100407,504,21,111,2026-09-01,22,,15,299.02
100407023-23,100407,504,16,104,2026-09-02,23,,2,386.85
100407024-24,100407,504,18,117,2026-09-03,24,,25,125.1
100407025-25,100407,504,27,105,2026-09-04,25,,90,483.19
100407026-26,100407,504,11,111,2026-09-05,26,,87,15.82
100407027-27,100407,504,24,117,2026-09-06,27,,19,431.64
100407028-28,100407,504,23,102,2026-09-07,28,,37,64.71
100407029-29,100407,504,29,120,2026-09-08,29,,14,242.32
100407030-30,100407,504,14,107,2026-09-09,30,,66,262.34
100408001-1,100408,504,17,102,2026-08-11,1,,38,11.92
100408002-2,100408,504,12,114,2026-08-12,2,,96,486.63
100408003-3,100408,504,21,103,2026-08-13,3,,45,361.62
100408004-4,100408,504,11,118,2026-08-14,4,,18,44.79
100408005-5,100408,504,12,113,2026-08-15,5,,88,130.75
100408006-6,100408,504,18,112,2026-08-16,6,,38,421.3
100408007-7,100408,504,10,112,2026-08-17,7,,21,279.37
100408008-8,100408,504,21,114,2026-08-18,8,,28,492.15
100408009-9,100408,504,28,106,2026-08-19,9,,62,163.66
100408010-10,100408,504,20,113,2026-08-20,10,,16,363.21
100408011-11,100408,504,29,106,2026-08-21,11,,79,88.21
100408012-12,100408,504,14,115,2026-08-22,12,,17,20.21
100408013-13,100408,504,17,101,2026-08-23,13,,7,175.16
100408014-14,100408,504,27,106,2026-08-24,14,,7,388.46
100408015-15,100408,504,28,117,2026-08-25,15,,31,488.18
100408016-16,100408,504,15,108,2026-08-26,16,,71,132.66
100408017-17,100408,504,27,103,2026-08-27,17,,49,335.71
100408018-18,100408,504,16,114,2026-08-28,18,,8,259.74
100408019-19,100408,504,28,113,2026-08-29,19,,84,6.93
100408020-20,100408,504,11,104,2026-08-30,20,,13,39.28
100408021-21,100408,504,14,102,2026-08-31,21,,74,428.87
100408022-22,100408,504,23,113,2026-09-01,22,,24,343.67
100408023-23,100408,504,24,103,2026-09-02,23,,18,194.27
100408024-24,100408,504,20,111,2026-09-03,24,,57,228.22
100408025-25,100408,504,10,104,2026-09-04,25,,65,79.54
100408026-26,100408,504,23,113,2026-09-05,26,,31,73.46
100408027-27,100408,504,29,118,2026-09-06,27,,88,67.69
100408028-28,100408,504,24,119,2026-09-07,28,,63,437.75
100408029-29,100408,504,12,119,2026-09-08,29,,3,13.37
100408030-30,100408,504,12,110,2026-09-09,30,,45,238.67
100409001-1,100409,504,24,112,2026-08-11,1,,65,488.27
100409002-2,100409,504,14,114,2026-08-12,2,,19,289.12
100409003-3,100409,504,22,120,2026-08-13,3,,20,200.04
100409004-4,100409,504,19,102,2026-08-14,4,,2,394.74
100409005-5,100409,504,16,107,2026-08-15,5,,18,293.28
100409006-6,100409,504,25,107,2026-08-16,6,,61,344.63
100409007-7,100409,504,16,102,2026-08-17,7,,47,146.23
100409008-8,100409,504,22,109,2026-08-18,8,,6,158.93
100409009-9,100409,504,12,118,2026-08-19,9,,76,328.6
100409010-10,100409,504,22,103,2026-08-20,10,,67,445.92
100409011-11,100409,504,29,108,2026-08-21,11,,21,299.32
100409012-12,100409,504,16,103,2026-08-22,12,,10,73.95
100409013-13,100409,504,20,117,2026-08-23,13,,28,26.16
100409014-14,100409,504,27,114,2026-08-24,14,,16,17.9
100409015-15,100409,504,21,109,2026-08-25,15,,36,162.01
100409016-16,100409,504,25,113,2026-08-26,16,,36,201.71
100409017-17,100409,504,19,116,2026-08-27,17,,2,47.52
100409018-18,100409,504,22,112,2026-08-28,18,,71,199.72
100409019-19,100409,504,26,115,2026-08-29,19,,6,28.08
100409020-20,100409,504,15,118,2026-08-30,20,,6,95.14
100409021-21,100409,504,23,105,2026-08-31,21,,63,389.95
100409022-22,100409,504,17,101,2026-09-01,22,,65,214.94
100409023-23,100409,504,25,119,2026-09-02,23,,56,179.06
100409024-24,100409,504,25,105,2026-09-03,24,,32,298.42
100409025-25,100409,504,25,113,2026-09-04,25,,87,52.02
100409026-26,100409,504,10,111,2026-09-05,26,,94,236.43
100409027-27,100409,504,25,115,2026-09-06,27,,55,278.06
100409028-28,100409,504,17,116,2026-09-07,28,,89,134.39
100409029-29,100409,504,16,112,2026-09-08,29,,70,129.73
100409030-30,100409,504,17,113,2026-09-09,30,,60,14.03
100410001-1,100410,504,16,114,2026-08-11,1,,44,371.46
100410002-2,100410,504,28,114,2026-08-12,2,,92,147.76
100410003-3,100410,504,10,111,2026-08-13,3,,27,399.94
100410004-4,100410,504,13,102,2026-08-14,4,,73,76.65
100410005-5,100410,504,10,112,2026-08-15,5,,35,400.97
100410006-6,100410,504,10,107,2026-08-16,6,,69,303.32
100410007-7,100410,504,24,106,2026-08-17,7,,62,494.42
100410008-8,100410,504,20,105,2026-08-18,8,,77,358.56
100410009-9,100410,504,24,102,2026-08-19,9,,57,149.69
100410010-10,100410,504,14,104,2026-08-20,10,,83,140.81
100410011-11,100410,504,27,113,2026-08-21,11,,12,317.33
100410012-12,100410,504,10,109,2026-08-22,12,,22,307.85
100410013-13,100410,504,19,105,2026-08-23,13,,95,211.04
100410014-14,100410,504,12,115,2026-08-24,14,,70,295.06
100410015-15,100410,504,28,109,2026-08-25,15,,54,151.15
100410016-16,100410,504,22,117,2026-08-26,16,,83,308.17
100410017-17,100410,504,11,106,2026-08-27,17,,73,19.52
100410018-18,100410,504,28,105,2026-08-28,18,,35,325.96
100410019-19,100410,504,12,112,2026-08-29,19,,41,451.09
100410020-20,100410,504,24,114,2026-08-30,20,,83,298.09
100410021-21,100410,504,10,110,2026-08-31,21,,65,67.04
100410022-22,100410,504,25,107,2026-09-01,22,,60,73.28
100410023-23,100410,504,16,116,2026-09-02,23,,79,119.31
100410024-24,100410,504,14,104,2026-09-03,24,,62,254.6
100410025-25,100410,504,10,107,2026-09-04,25,,89,106.35
100410026-26,100410,504,14,104,2026-09-05,26,,14,12.42
100410027-27,100410,504,28,118,2026-09-06,27,,14,71.26
100410028-28,100410,504,18,119,2026-09-07,28,,97,212.2
100410029-29,100410,504,19,117,2026-09-08,29,,42,396.59
100410030-30,100410,504,12,103,2026-09-09,30,,22,218.92
100601001-1,100601,506,26,103,2026-08-11,1,,38,139.49
100601002-2,100601,506,28,108,2026-08-12,2,,19,277.62
100601003-3,100601,506,18,103,2026-08-13,3,,23,124.88
100601004-4,100601,506,25,111,2026-08-14,4,,16,62.68
100601005-5,100601,506,21,104,2026-08-15,5,,47,32.17
100601006-6,100601,506,13,106,2026-08-16,6,,55,462.68
100601007-7,100601,506,25,103,2026-08-17,7,,41,354.09
100601008-8,100601,506,25,116,2026-08-18,8,,61,288
100601009-9,100601,506,27,115,2026-08-19,9,,49,211.04
100601010-10,100601,506,11,111,2026-08-20,10,,96,459.6
100601011-11,100601,506,19,108,2026-08-21,11,,54,232.49
100601012-12,100601,506,13,117,2026-08-22,12,,17,90.53
100601013-13,100601,506,20,105,2026-08-23,13,,37,238.8
100601014-14,100601,506,27,113,2026-08-24,14,,83,38.66
100601015-15,100601,506,14,117,2026-08-25,15,,67,231.48
100601016-16,100601,506,25,117,2026-08-26,16,,80,238.35
100601017-17,100601,506,10,103,2026-08-27,17,,1,324.9
100601018-18,100601,506,14,105,2026-08-28,18,,88,334.29
100601019-19,100601,506,24,120,2026-08-29,19,,15,314.52
100601020-20,100601,506,18,109,2026-08-30,20,,4,344.81
100601021-21,100601,506,14,119,2026-08-31,21,,82,92.86
100601022-22,100601,506,14,114,2026-09-01,22,,71,451.54
100601023-23,100601,506,24,116,2026-09-02,23,,18,182.4
100601024-24,100601,506,26,109,2026-09-03,24,,10,247.96
100601025-25,100601,506,23,112,2026-09-04,25,,97,341.67
100601026-26,100601,506,16,109,2026-09-05,26,,37,375.63
100601027-27,100601,506,21,112,2026-09-06,27,,95,146.28
100601028-28,100601,506,21,106,2026-09-07,28,,44,253.92
100601029-29,100601,506,23,118,2026-09-08,29,,44,378.14
100601030-30,100601,506,26,106,2026-09-09,30,,12,129.57
100602001-1,100602,506,10,111,2026-08-11,1,,28,252.08
100602002-2,100602,506,28,101,2026-08-12,2,,11,124.17
100602003-3,100602,506,12,108,2026-08-13,3,,64,370.74
100602004-4,100602,506,12,108,2026-08-14,4,,27,5.73
100602005-5,100602,506,24,108,2026-08-15,5,,38,5.18
100602006-6,100602,506,17,108,2026-08-16,6,,1,389.41
100602007-7,100602,506,14,110,2026-08-17,7,,84,298.06
100602008-8,100602,506,16,107,2026-08-18,8,,27,173
100602009-9,100602,506,15,101,2026-08-19,9,,9,171.53
100602010-10,100602,506,12,106,2026-08-20,10,,5,92.91
100602011-11,100602,506,25,104,2026-08-21,11,,55,31.38
100602012-12,100602,506,25,111,2026-08-22,12,,74,75.33
100602013-13,100602,506,29,112,2026-08-23,13,,44,87.35
100602014-14,100602,506,20,108,2026-08-24,14,,70,214.45
100602015-15,100602,506,29,120,2026-08-25,15,,85,267.15
100602016-16,100602,506,22,101,2026-08-26,16,,1,25.13
100602017-17,100602,506,28,111,2026-08-27,17,,43,172.48
100602018-18,100602,506,24,118,2026-08-28,18,,11,284.06
100602019-19,100602,506,20,115,2026-08-29,19,,12,473.29
100602020-20,100602,506,21,119,2026-08-30,20,,22,31.66
100602021-21,100602,506,11,103,2026-08-31,21,,65,309.96
100602022-22,100602,506,24,111,2026-09-01,22,,12,99.97
100602023-23,100602,506,20,101,2026-09-02,23,,40,10.89
100602024-24,100602,506,11,102,2026-09-03,24,,65,282.21
100602025-25,100602,506,17,102,2026-09-04,25,,69,124.41
100602026-26,100602,506,25,113,2026-09-05,26,,13,335.73
100602027-27,100602,506,20,119,2026-09-06,27,,61,16.4
100602028-28,100602,506,14,116,2026-09-07,28,,89,255.71
100602029-29,100602,506,22,115,2026-09-08,29,,21,8.8
100602030-30,100602,506,20,113,2026-09-09,30,,20,329.43
100603001-1,100603,506,24,107,2026-08-11,1,,14,390.64
100603002-2,100603,506,13,118,2026-08-12,2,,42,461.69
100603003-3,100603,506,13,111,2026-08-13,3,,92,453.89
100603004-4,100603,506,25,116,2026-08-14,4,,75,370.67
100603005-5,100603,506,26,112,2026-08-15,5,,43,270.6
100603006-6,100603,506,20,109,2026-08-16,6,,58,465.55
100603007-7,100603,506,11,116,2026-08-17,7,,32,62.25
100603008-8,100603,506,17,108,2026-08-18,8,,97,252.2
100603009-9,100603,506,18,102,2026-08-19,9,,8,469.92
100603010-10,100603,506,12,118,2026-08-20,10,,35,161.1
100603011-11,100603,506,20,106,2026-08-21,11,,88,58.27
100603012-12,100603,506,27,110,2026-08-22,12,,72,267.89
100603013-13,100603,506,24,104,2026-08-23,13,,47,280.02
100603014-14,100603,506,11,117,2026-08-24,14,,25,458.69
100603015-15,100603,506,19,104,2026-08-25,15,,98,460.09
100603016-16,100603,506,13,117,2026-08-26,16,,22,47.58
100603017-17,100603,506,26,119,2026-08-27,17,,36,124.67
100603018-18,100603,506,20,101,2026-08-28,18,,11,467.19
100603019-19,100603,506,11,119,2026-08-29,19,,85,309.47
100603020-20,100603,506,11,104,2026-08-30,20,,3,463.69
100603021-21,100603,506,28,105,2026-08-31,21,,1,127.55
100603022-22,100603,506,19,113,2026-09-01,22,,86,350.94
100603023-23,100603,506,12,107,2026-09-02,23,,83,308.25
100603024-24,100603,506,28,110,2026-09-03,24,,9,400.76
100603025-25,100603,506,14,109,2026-09-04,25,,13,410.29
100603026-26,100603,506,27,102,2026-09-05,26,,14,277.86
100603027-27,100603,506,17,116,2026-09-06,27,,78,274.26
100603028-28,100603,506,14,116,2026-09-07,28,,34,417.91
100603029-29,100603,506,18,116,2026-09-08,29,,70,226.24
100603030-30,100603,506,27,112,2026-09-09,30,,68,206.75
100604001-1,100604,506,11,115,2026-08-11,1,,23,468.46
100604002-2,100604,506,10,119,2026-08-12,2,,82,458.03
100604003-3,100604,506,15,101,2026-08-13,3,,83,141.72
100604004-4,100604,506,25,118,2026-08-14,4,,10,458.61
100604005-5,100604,506,17,103,2026-08-15,5,,60,481.6
100604006-6,100604,506,24,114,2026-08-16,6,,99,247.68
100604007-7,100604,506,26,105,2026-08-17,7,,63,175.77
100604008-8,100604,506,21,101,2026-08-18,8,,63,187.99
100604009-9,100604,506,22,103,2026-08-19,9,,54,43.87
100604010-10,100604,506,19,114,2026-08-20,10,,52,283.09
100604011-11,100604,506,22,105,2026-08-21,11,,99,207.14
100604012-12,100604,506,14,120,2026-08-22,12,,5,48.39
100604013-13,100604,506,26,118,2026-08-23,13,,63,101.03
100604014-14,100604,506,17,115,2026-08-24,14,,72,301.89
100604015-15,100604,506,28,101,2026-08-25,15,,73,128.89
100604016-16,100604,506,13,108,2026-08-26,16,,84,472.53
100604017-17,100604,506,22,111,2026-08-27,17,,73,260.06
100604018-18,100604,506,25,107,2026-08-28,18,,60,446.82
100604019-19,100604,506,16,119,2026-08-29,19,,27,457.13
100604020-20,100604,506,17,116,2026-08-30,20,,69,295.57
100604021-21,100604,506,16,104,2026-08-31,21,,32,117.93
100604022-22,100604,506,10,101,2026-09-01,22,,23,234.87
100604023-23,100604,506,25,106,2026-09-02,23,,29,265.51
100604024-24,100604,506,19,115,2026-09-03,24,,72,234.72
100604025-25,100604,506,12,101,2026-09-04,25,,18,243.1
100604026-26,100604,506,13,102,2026-09-05,26,,100,426.26
100604027-27,100604,506,14,114,2026-09-06,27,,77,326.9
100604028-28,100604,506,25,103,2026-09-07,28,,64,213.33
100604029-29,100604,506,25,105,2026-09-08,29,,90,52.75
100604030-30,100604,506,23,114,2026-09-09,30,,73,141.59
100605001-1,100605,506,14,115,2026-08-11,1,,93,482.23
100605002-2,100605,506,13,113,2026-08-12,2,,49,99.22
100605003-3,100605,506,23,110,2026-08-13,3,,95,100.88
100605004-4,100605,506,19,109,2026-08-14,4,,11,333.31
100605005-5,100605,506,15,114,2026-08-15,5,,1,386.81
100605006-6,100605,506,24,102,2026-08-16,6,,93,172.36
100605007-7,100605,506,14,108,2026-08-17,7,,3,357.59
100605008-8,100605,506,15,103,2026-08-18,8,,64,170.65
100605009-9,100605,506,26,111,2026-08-19,9,,30,45.89
100605010-10,100605,506,19,112,2026-08-20,10,,97,495.27
100605011-11,100605,506,12,117,2026-08-21,11,,25,461.91
100605012-12,100605,506,12,108,2026-08-22,12,,50,253.45
100605013-13,100605,506,17,115,2026-08-23,13,,61,69.32
100605014-14,100605,506,11,120,2026-08-24,14,,55,428.29
100605015-15,100605,506,29,106,2026-08-25,15,,32,329.64
100605016-16,100605,506,12,110,2026-08-26,16,,97,391.99
100605017-17,100605,506,10,114,2026-08-27,17,,5,352.36
100605018-18,100605,506,26,109,2026-08-28,18,,39,268.84
100605019-19,100605,506,17,103,2026-08-29,19,,99,186.2
100605020-20,100605,506,14,117,2026-08-30,20,,74,45.52
100605021-21,100605,506,10,104,2026-08-31,21,,81,240.23
100605022-22,100605,506,22,117,2026-09-01,22,,63,43.28
100605023-23,100605,506,27,109,2026-09-02,23,,86,102.58
100605024-24,100605,506,20,115,2026-09-03,24,,66,21.18
100605025-25,100605,506,28,116,2026-09-04,25,,94,425.72
100605026-26,100605,506,25,104,2026-09-05,26,,29,265.87
100605027-27,100605,506,24,101,2026-09-06,27,,5,390.32
100605028-28,100605,506,27,119,2026-09-07,28,,88,422.39
100605029-29,100605,506,24,119,2026-09-08,29,,31,424.89
100605030-30,100605,506,10,115,2026-09-09,30,,78,220.56
100606001-1,100606,506,23,110,2026-08-11,1,,51,336.4
100606002-2,100606,506,24,118,2026-08-12,2,,99,90.4
100606003-3,100606,506,19,105,2026-08-13,3,,64,33.07
100606004-4,100606,506,17,105,2026-08-14,4,,82,351.69
100606005-5,100606,506,11,114,2026-08-15,5,,43,315.86
100606006-6,100606,506,23,102,2026-08-16,6,,93,22.37
100606007-7,100606,506,16,114,2026-08-17,7,,60,256.83
100606008-8,100606,506,22,114,2026-08-18,8,,10,328.92
100606009-9,100606,506,19,101,2026-08-19,9,,31,201.37
100606010-10,100606,506,23,118,2026-08-20,10,,29,57.33
100606011-11,100606,506,22,101,2026-08-21,11,,5,51.5
100606012-12,100606,506,23,114,2026-08-22,12,,13,363.84
100606013-13,100606,506,28,119,2026-08-23,13,,89,105.65
100606014-14,100606,506,17,118,2026-08-24,14,,48,87.17
100606015-15,100606,506,26,115,2026-08-25,15,,71,447.4
100606016-16,100606,506,26,107,2026-08-26,16,,89,259.37
100606017-17,100606,506,18,110,2026-08-27,17,,58,279.27
100606018-18,100606,506,16,116,2026-08-28,18,,59,247.99
100606019-19,100606,506,10,118,2026-08-29,19,,74,50.65
100606020-20,100606,506,16,111,2026-08-30,20,,100,481.63
100606021-21,100606,506,26,111,2026-08-31,21,,26,437.88
100606022-22,100606,506,21,109,2026-09-01,22,,70,67.37
100606023-23,100606,506,16,111,2026-09-02,23,,51,359.02
100606024-24,100606,506,27,110,2026-09-03,24,,13,51.11
100606025-25,100606,506,24,102,2026-09-04,25,,48,8.95
100606026-26,100606,506,25,107,2026-09-05,26,,65,202.32
100606027-27,100606,506,27,107,2026-09-06,27,,96,399.36
100606028-28,100606,506,23,111,2026-09-07,28,,34,368.29
100606029-29,100606,506,14,106,2026-09-08,29,,75,414.59
100606030-30,100606,506,15,103,2026-09-09,30,,64,372.89
100607001-1,100607,506,19,111,2026-08-11,1,,48,258.17
100607002-2,100607,506,23,104,2026-08-12,2,,86,457.03
100607003-3,100607,506,12,120,2026-08-13,3,,72,279.84
100607004-4,100607,506,28,115,2026-08-14,4,,37,323.68
100607005-5,100607,506,27,111,2026-08-15,5,,89,385.82
100607006-6,100607,506,19,116,2026-08-16,6,,90,490.13
100607007-7,100607,506,21,114,2026-08-17,7,,70,238.35
100607008-8,100607,506,27,118,2026-08-18,8,,32,43.55
100607009-9,100607,506,26,104,2026-08-19,9,,31,270.63
100607010-10,100607,506,20,119,2026-08-20,10,,47,122.36
100607011-11,100607,506,15,120,2026-08-21,11,,50,116.35
100607012-12,100607,506,10,119,2026-08-22,12,,33,212.5
100607013-13,100607,506,27,105,2026-08-23,13,,83,470.54
100607014-14,100607,506,26,109,2026-08-24,14,,84,272.48
100607015-15,100607,506,19,105,2026-08-25,15,,20,69.53
100607016-16,100607,506,12,105,2026-08-26,16,,23,481.98
100607017-17,100607,506,25,109,2026-08-27,17,,29,360.67
100607018-18,100607,506,14,101,2026-08-28,18,,61,402.39
100607019-19,100607,506,10,103,2026-08-29,19,,74,431.27
100607020-20,100607,506,29,110,2026-08-30,20,,33,477.91
100607021-21,100607,506,12,101,2026-08-31,21,,25,339.27
100607022-22,100607,506,27,102,2026-09-01,22,,87,316.56
100607023-23,100607,506,29,106,2026-09-02,23,,68,276.95
100607024-24,100607,506,12,115,2026-09-03,24,,88,284.5
100607025-25,100607,506,21,120,2026-09-04,25,,85,48.98
100607026-26,100607,506,22,114,2026-09-05,26,,65,309.85
100607027-27,100607,506,19,102,2026-09-06,27,,20,445.2
100607028-28,100607,506,10,108,2026-09-07,28,,66,468.5
100607029-29,100607,506,14,107,2026-09-08,29,,3,291.34
100607030-30,100607,506,28,104,2026-09-09,30,,17,327.94
100608001-1,100608,506,21,117,2026-08-11,1,,81,465.78
100608002-2,100608,506,18,117,2026-08-12,2,,29,460.33
100608003-3,100608,506,15,117,2026-08-13,3,,79,5.76
100608004-4,100608,506,23,113,2026-08-14,4,,31,489.8
100608005-5,100608,506,25,104,2026-08-15,5,,59,89.1
100608006-6,100608,506,19,119,2026-08-16,6,,51,404.73
100608007-7,100608,506,12,105,2026-08-17,7,,80,245.73
100608008-8,100608,506,12,103,2026-08-18,8,,56,203.56
100608009-9,100608,506,10,105,2026-08-19,9,,40,290.12
100608010-10,100608,506,18,108,2026-08-20,10,,57,376.25
100608011-11,100608,506,22,110,2026-08-21,11,,17,132.23
100608012-12,100608,506,29,116,2026-08-22,12,,18,34.98
100608013-13,100608,506,12,115,2026-08-23,13,,2,150.18
100608014-14,100608,506,15,118,2026-08-24,14,,13,346.15
100608015-15,100608,506,14,102,2026-08-25,15,,90,167.46
100608016-16,100608,506,21,115,2026-08-26,16,,88,52.84
100608017-17,100608,506,14,115,2026-08-27,17,,15,162.23
100608018-18,100608,506,16,109,2026-08-28,18,,74,69.36
100608019-19,100608,506,18,113,2026-08-29,19,,15,309.35
100608020-20,100608,506,19,112,2026-08-30,20,,59,114.86
100608021-21,100608,506,11,118,2026-08-31,21,,65,115.25
100608022-22,100608,506,10,114,2026-09-01,22,,2,316.45
100608023-23,100608,506,12,118,2026-09-02,23,,40,80.3
100608024-24,100608,506,26,114,2026-09-03,24,,71,376.23
100608025-25,100608,506,21,102,2026-09-04,25,,86,104.52
100608026-26,100608,506,10,104,2026-09-05,26,,1,135.77
100608027-27,100608,506,28,103,2026-09-06,27,,70,138.79
100608028-28,100608,506,11,112,2026-09-07,28,,11,207.17
100608029-29,100608,506,14,114,2026-09-08,29,,64,229.47
100608030-30,100608,506,11,102,2026-09-09,30,,72,267.05
100609001-1,100609,506,15,118,2026-08-11,1,,57,422.98
100609002-2,100609,506,22,101,2026-08-12,2,,35,114.46
100609003-3,100609,506,19,118,2026-08-13,3,,95,332.22
100609004-4,100609,506,29,104,2026-08-14,4,,66,418.91
100609005-5,100609,506,29,107,2026-08-15,5,,38,470.33
100609006-6,100609,506,19,101,2026-08-16,6,,3,296.99
100609007-7,100609,506,26,106,2026-08-17,7,,95,269.7
100609008-8,100609,506,23,114,2026-08-18,8,,83,135.18
100609009-9,100609,506,15,116,2026-08-19,9,,45,188.44
100609010-10,100609,506,21,115,2026-08-20,10,,11,328.83
100609011-11,100609,506,21,112,2026-08-21,11,,6,128.79
100609012-12,100609,506,19,114,2026-08-22,12,,43,155.68
100609013-13,100609,506,28,101,2026-08-23,13,,34,340.39
100609014-14,100609,506,20,104,2026-08-24,14,,94,281.42
100609015-15,100609,506,29,112,2026-08-25,15,,1,302.37
100609016-16,100609,506,26,108,2026-08-26,16,,91,446.19
100609017-17,100609,506,23,116,2026-08-27,17,,19,462.55
100609018-18,100609,506,18,109,2026-08-28,18,,93,318.43
100609019-19,100609,506,24,115,2026-08-29,19,,23,332.39
100609020-20,100609,506,11,105,2026-08-30,20,,41,393.53
100609021-21,100609,506,27,120,2026-08-31,21,,75,129.88
100609022-22,100609,506,16,101,2026-09-01,22,,82,384.97
100609023-23,100609,506,13,115,2026-09-02,23,,10,362.96
100609024-24,100609,506,28,109,2026-09-03,24,,96,65.92
100609025-25,100609,506,24,117,2026-09-04,25,,77,83.65
100609026-26,100609,506,28,111,2026-09-05,26,,38,283.09
100609027-27,100609,506,20,103,2026-09-06,27,,25,110.32
100609028-28,100609,506,25,106,2026-09-07,28,,18,433.27
100609029-29,100609,506,10,106,2026-09-08,29,,60,478.49
100609030-30,100609,506,13,117,2026-09-09,30,,99,368.16
100610001-1,100610,506,10,116,2026-08-11,1,,4,182.27
100610002-2,100610,506,15,102,2026-08-12,2,,63,37.15
100610003-3,100610,506,12,106,2026-08-13,3,,45,163
100610004-4,100610,506,10,104,2026-08-14,4,,98,424.61
100610005-5,100610,506,11,120,2026-08-15,5,,50,287.01
100610006-6,100610,506,17,108,2026-08-16,6,,31,216.59
100610007-7,100610,506,11,116,2026-08-17,7,,26,45.95
100610008-8,100610,506,26,119,2026-08-18,8,,16,35.8
100610009-9,100610,506,21,119,2026-08-19,9,,71,481.54
100610010-10,100610,506,24,116,2026-08-20,10,,53,486.57
100610011-11,100610,506,19,116,2026-08-21,11,,99,215.81
100610012-12,100610,506,13,107,2026-08-22,12,,15,408.75
100610013-13,100610,506,12,109,2026-08-23,13,,60,174.9
100610014-14,100610,506,12,112,2026-08-24,14,,88,349.62
100610015-15,100610,506,29,118,2026-08-25,15,,57,315.48
100610016-16,100610,506,14,111,2026-08-26,16,,79,17.11
100610017-17,100610,506,23,117,2026-08-27,17,,3,197.8
100610018-18,100610,506,17,119,2026-08-28,18,,55,249.8
100610019-19,100610,506,19,108,2026-08-29,19,,47,356.24
100610020-20,100610,506,19,120,2026-08-30,20,,94,92.36
100610021-21,100610,506,19,115,2026-08-31,21,,37,188.32
100610022-22,100610,506,21,102,2026-09-01,22,,97,185.15
100610023-23,100610,506,22,103,2026-09-02,23,,16,283.06
100610024-24,100610,506,27,105,2026-09-03,24,,3,194.23
100610025-25,100610,506,16,108,2026-09-04,25,,13,89.56
100610026-26,100610,506,14,112,2026-09-05,26,,22,482.21
100610027-27,100610,506,17,102,2026-09-06,27,,56,59.54
100610028-28,100610,506,15,113,2026-09-07,28,,38,344.61
100610029-29,100610,506,25,114,2026-09-08,29,,16,378.46
100610030-30,100610,506,19,113,2026-09-09,30,,38,469.52
100701001-1,100701,507,12,105,2026-08-11,1,,54,423.47
100701002-2,100701,507,19,102,2026-08-12,2,,76,266.48
100701003-3,100701,507,20,120,2026-08-13,3,,14,461.84
100701004-4,100701,507,11,113,2026-08-14,4,,27,196.54
100701005-5,100701,507,10,114,2026-08-15,5,,87,18.13
100701006-6,100701,507,16,108,2026-08-16,6,,42,320.17
100701007-7,100701,507,18,103,2026-08-17,7,,29,101.23
100701008-8,100701,507,16,112,2026-08-18,8,,16,294.36
100701009-9,100701,507,14,110,2026-08-19,9,,12,233.4
100701010-10,100701,507,28,106,2026-08-20,10,,74,445.16
100701011-11,100701,507,27,107,2026-08-21,11,,55,375.03
100701012-12,100701,507,11,111,2026-08-22,12,,14,16.66
100701013-13,100701,507,22,111,2026-08-23,13,,100,76.1
100701014-14,100701,507,22,117,2026-08-24,14,,88,177.24
100701015-15,100701,507,15,120,2026-08-25,15,,33,456.04
100701016-16,100701,507,25,107,2026-08-26,16,,38,119.37
100701017-17,100701,507,20,108,2026-08-27,17,,99,120.74
100701018-18,100701,507,23,106,2026-08-28,18,,61,222.52
100701019-19,100701,507,22,104,2026-08-29,19,,56,122.84
100701020-20,100701,507,29,116,2026-08-30,20,,52,11.62
100701021-21,100701,507,15,101,2026-08-31,21,,100,141.08
100701022-22,100701,507,15,106,2026-09-01,22,,13,414.25
100701023-23,100701,507,26,101,2026-09-02,23,,41,68.04
100701024-24,100701,507,29,103,2026-09-03,24,,29,247.14
100701025-25,100701,507,14,102,2026-09-04,25,,4,449.72
100701026-26,100701,507,24,101,2026-09-05,26,,1,193.82
100701027-27,100701,507,10,102,2026-09-06,27,,22,249.97
100701028-28,100701,507,29,103,2026-09-07,28,,82,379.59
100701029-29,100701,507,19,109,2026-09-08,29,,37,189.22
100701030-30,100701,507,27,117,2026-09-09,30,,76,282.05
100702001-1,100702,507,22,113,2026-08-11,1,,89,342.35
100702002-2,100702,507,29,102,2026-08-12,2,,61,353.79
100702003-3,100702,507,13,118,2026-08-13,3,,73,266.41
100702004-4,100702,507,10,107,2026-08-14,4,,88,322.85
100702005-5,100702,507,19,119,2026-08-15,5,,98,449.66
100702006-6,100702,507,24,104,2026-08-16,6,,91,351.77
100702007-7,100702,507,17,114,2026-08-17,7,,16,391.02
100702008-8,100702,507,15,117,2026-08-18,8,,7,396.45
100702009-9,100702,507,26,111,2026-08-19,9,,56,397.63
100702010-10,100702,507,26,114,2026-08-20,10,,9,85.51
100702011-11,100702,507,12,112,2026-08-21,11,,18,86.27
100702012-12,100702,507,26,116,2026-08-22,12,,100,173.64
100702013-13,100702,507,29,120,2026-08-23,13,,96,393.44
100702014-14,100702,507,10,107,2026-08-24,14,,85,360.47
100702015-15,100702,507,16,101,2026-08-25,15,,2,142.23
100702016-16,100702,507,24,105,2026-08-26,16,,39,52.37
100702017-17,100702,507,19,102,2026-08-27,17,,85,274.35
100702018-18,100702,507,13,105,2026-08-28,18,,46,155.09
100702019-19,100702,507,17,103,2026-08-29,19,,58,264.26
100702020-20,100702,507,14,119,2026-08-30,20,,65,255.1
100702021-21,100702,507,13,113,2026-08-31,21,,54,158.13
100702022-22,100702,507,28,109,2026-09-01,22,,44,479.86
100702023-23,100702,507,11,112,2026-09-02,23,,20,387.89
100702024-24,100702,507,24,104,2026-09-03,24,,22,306.82
100702025-25,100702,507,19,108,2026-09-04,25,,82,171.93
100702026-26,100702,507,17,105,2026-09-05,26,,5,168.9
100702027-27,100702,507,10,106,2026-09-06,27,,18,343.61
100702028-28,100702,507,28,108,2026-09-07,28,,52,138.08
100702029-29,100702,507,24,103,2026-09-08,29,,14,243.58
100702030-30,100702,507,27,110,2026-09-09,30,,27,130.95
100703001-1,100703,507,14,116,2026-08-11,1,,51,22.44
100703002-2,100703,507,13,117,2026-08-12,2,,37,197.63
100703003-3,100703,507,22,119,2026-08-13,3,,26,243.35
100703004-4,100703,507,14,105,2026-08-14,4,,60,243.24
100703005-5,100703,507,21,106,2026-08-15,5,,40,199.62
100703006-6,100703,507,24,106,2026-08-16,6,,36,200.11
100703007-7,100703,507,18,115,2026-08-17,7,,22,189.94
100703008-8,100703,507,13,103,2026-08-18,8,,93,486.45
100703009-9,100703,507,10,105,2026-08-19,9,,75,9.21
100703010-10,100703,507,13,111,2026-08-20,10,,98,158.17
100703011-11,100703,507,24,104,2026-08-21,11,,36,228.15
100703012-12,100703,507,25,112,2026-08-22,12,,74,243.57
100703013-13,100703,507,27,120,2026-08-23,13,,67,86.88
100703014-14,100703,507,17,107,2026-08-24,14,,98,59.46
100703015-15,100703,507,27,119,2026-08-25,15,,28,15.08
100703016-16,100703,507,24,118,2026-08-26,16,,27,271.99
100703017-17,100703,507,15,101,2026-08-27,17,,33,197.94
100703018-18,100703,507,10,104,2026-08-28,18,,42,288.78
100703019-19,100703,507,18,106,2026-08-29,19,,17,462.2
100703020-20,100703,507,16,103,2026-08-30,20,,57,381.99
100703021-21,100703,507,12,108,2026-08-31,21,,41,311
100703022-22,100703,507,20,107,2026-09-01,22,,38,328.71
100703023-23,100703,507,27,107,2026-09-02,23,,56,388.36
100703024-24,100703,507,27,108,2026-09-03,24,,66,197.41
100703025-25,100703,507,19,113,2026-09-04,25,,6,104.49
100703026-26,100703,507,26,117,2026-09-05,26,,83,166.06
100703027-27,100703,507,29,103,2026-09-06,27,,85,437.94
100703028-28,100703,507,20,105,2026-09-07,28,,71,404.65
100703029-29,100703,507,15,103,2026-09-08,29,,75,444.15
100703030-30,100703,507,24,114,2026-09-09,30,,68,50.06
100704001-1,100704,507,18,103,2026-08-11,1,,27,270.66
100704002-2,100704,507,18,104,2026-08-12,2,,45,219.99
100704003-3,100704,507,16,120,2026-08-13,3,,69,40.85
100704004-4,100704,507,12,113,2026-08-14,4,,78,115.75
100704005-5,100704,507,25,113,2026-08-15,5,,46,482.16
100704006-6,100704,507,28,116,2026-08-16,6,,73,55.18
100704007-7,100704,507,26,104,2026-08-17,7,,21,377.65
100704008-8,100704,507,19,104,2026-08-18,8,,28,57.35
100704009-9,100704,507,18,101,2026-08-19,9,,31,314.04
100704010-10,100704,507,28,119,2026-08-20,10,,68,391.17
100704011-11,100704,507,24,108,2026-08-21,11,,9,460.65
100704012-12,100704,507,20,119,2026-08-22,12,,89,369.17
100704013-13,100704,507,25,105,2026-08-23,13,,53,259.18
100704014-14,100704,507,22,119,2026-08-24,14,,24,485.17
100704015-15,100704,507,26,106,2026-08-25,15,,77,173.9
100704016-16,100704,507,21,105,2026-08-26,16,,18,324.3
100704017-17,100704,507,20,114,2026-08-27,17,,16,465.1
100704018-18,100704,507,19,118,2026-08-28,18,,7,357.53
100704019-19,100704,507,22,111,2026-08-29,19,,17,226.2
100704020-20,100704,507,20,108,2026-08-30,20,,36,207.8
100704021-21,100704,507,22,106,2026-08-31,21,,91,26.77
100704022-22,100704,507,16,118,2026-09-01,22,,36,356.47
100704023-23,100704,507,26,118,2026-09-02,23,,100,60.95
100704024-24,100704,507,20,106,2026-09-03,24,,77,214.34
100704025-25,100704,507,13,112,2026-09-04,25,,11,491.23
100704026-26,100704,507,18,110,2026-09-05,26,,52,275.48
100704027-27,100704,507,29,114,2026-09-06,27,,39,116.69
100704028-28,100704,507,14,113,2026-09-07,28,,43,319.43
100704029-29,100704,507,21,108,2026-09-08,29,,37,122.6
100704030-30,100704,507,28,120,2026-09-09,30,,10,225.22
100705001-1,100705,507,24,120,2026-08-11,1,,70,331.72
100705002-2,100705,507,10,119,2026-08-12,2,,92,396.69
100705003-3,100705,507,27,112,2026-08-13,3,,45,88.61
100705004-4,100705,507,21,109,2026-08-14,4,,11,131.58
100705005-5,100705,507,17,101,2026-08-15,5,,64,187.9
100705006-6,100705,507,24,115,2026-08-16,6,,84,75.54
100705007-7,100705,507,13,104,2026-08-17,7,,70,423.52
100705008-8,100705,507,21,105,2026-08-18,8,,89,29.77
100705009-9,100705,507,23,104,2026-08-19,9,,32,447.38
100705010-10,100705,507,21,112,2026-08-20,10,,73,483.04
100705011-11,100705,507,17,116,2026-08-21,11,,98,228.68
100705012-12,100705,507,28,113,2026-08-22,12,,76,159.74
100705013-13,100705,507,23,114,2026-08-23,13,,87,107.2
100705014-14,100705,507,16,115,2026-08-24,14,,100,121.38
100705015-15,100705,507,12,104,2026-08-25,15,,91,160.77
100705016-16,100705,507,17,116,2026-08-26,16,,32,36.47
100705017-17,100705,507,22,112,2026-08-27,17,,93,427.91
100705018-18,100705,507,29,115,2026-08-28,18,,19,295.96
100705019-19,100705,507,22,111,2026-08-29,19,,23,475.56
100705020-20,100705,507,19,108,2026-08-30,20,,26,63.1
100705021-21,100705,507,28,116,2026-08-31,21,,61,196.85
100705022-22,100705,507,12,108,2026-09-01,22,,55,177.33
100705023-23,100705,507,23,114,2026-09-02,23,,55,231.47
100705024-24,100705,507,18,113,2026-09-03,24,,63,421.24
100705025-25,100705,507,18,109,2026-09-04,25,,100,157.89
100705026-26,100705,507,13,114,2026-09-05,26,,89,325.84
100705027-27,100705,507,18,112,2026-09-06,27,,23,129.86
100705028-28,100705,507,15,108,2026-09-07,28,,47,138.37
100705029-29,100705,507,26,102,2026-09-08,29,,67,290.69
100705030-30,100705,507,15,118,2026-09-09,30,,20,265.29
100706001-1,100706,507,29,111,2026-08-11,1,,56,244.79
100706002-2,100706,507,12,111,2026-08-12,2,,50,153.63
100706003-3,100706,507,20,106,2026-08-13,3,,9,273.17
100706004-4,100706,507,22,103,2026-08-14,4,,5,260.76
100706005-5,100706,507,29,105,2026-08-15,5,,3,455.19
100706006-6,100706,507,25,116,2026-08-16,6,,25,246.05
100706007-7,100706,507,26,120,2026-08-17,7,,31,139.21
100706008-8,100706,507,11,106,2026-08-18,8,,20,155.09
100706009-9,100706,507,13,119,2026-08-19,9,,44,364.26
100706010-10,100706,507,17,120,2026-08-20,10,,67,100.16
100706011-11,100706,507,16,102,2026-08-21,11,,96,255.2
100706012-12,100706,507,22,108,2026-08-22,12,,4,424.47
100706013-13,100706,507,25,112,2026-08-23,13,,26,287.81
100706014-14,100706,507,24,110,2026-08-24,14,,35,233.84
100706015-15,100706,507,14,104,2026-08-25,15,,23,490.85
100706016-16,100706,507,10,110,2026-08-26,16,,54,227.13
100706017-17,100706,507,19,102,2026-08-27,17,,74,362.38
100706018-18,100706,507,23,109,2026-08-28,18,,68,181.39
100706019-19,100706,507,19,110,2026-08-29,19,,63,232.45
100706020-20,100706,507,16,112,2026-08-30,20,,11,37.46
100706021-21,100706,507,16,105,2026-08-31,21,,48,448.76
100706022-22,100706,507,10,108,2026-09-01,22,,97,335.24
100706023-23,100706,507,20,111,2026-09-02,23,,19,262.86
100706024-24,100706,507,29,104,2026-09-03,24,,62,89.43
100706025-25,100706,507,17,115,2026-09-04,25,,88,166.04
100706026-26,100706,507,24,118,2026-09-05,26,,67,129.61
100706027-27,100706,507,25,111,2026-09-06,27,,83,476.91
100706028-28,100706,507,22,105,2026-09-07,28,,63,128.9
100706029-29,100706,507,27,103,2026-09-08,29,,73,197.21
100706030-30,100706,507,21,109,2026-09-09,30,,69,441.08
100707001-1,100707,507,16,111,2026-08-11,1,,74,321.27
100707002-2,100707,507,17,118,2026-08-12,2,,30,79.65
100707003-3,100707,507,16,119,2026-08-13,3,,54,316.23
100707004-4,100707,507,12,105,2026-08-14,4,,23,452.67
100707005-5,100707,507,15,111,2026-08-15,5,,41,470.34
100707006-6,100707,507,23,109,2026-08-16,6,,81,116.94
100707007-7,100707,507,26,105,2026-08-17,7,,51,177.19
100707008-8,100707,507,14,101,2026-08-18,8,,24,229.48
100707009-9,100707,507,13,108,2026-08-19,9,,7,52.7
100707010-10,100707,507,27,101,2026-08-20,10,,38,52.06
100707011-11,100707,507,14,102,2026-08-21,11,,36,292.88
100707012-12,100707,507,22,102,2026-08-22,12,,99,417.84
100707013-13,100707,507,12,119,2026-08-23,13,,86,467.41
100707014-14,100707,507,18,113,2026-08-24,14,,54,269.93
100707015-15,100707,507,19,102,2026-08-25,15,,92,413.63
100707016-16,100707,507,13,110,2026-08-26,16,,3,230.48
100707017-17,100707,507,26,118,2026-08-27,17,,36,422.71
100707018-18,100707,507,25,111,2026-08-28,18,,48,456.51
100707019-19,100707,507,22,106,2026-08-29,19,,9,221.33
100707020-20,100707,507,22,113,2026-08-30,20,,91,211.3
100707021-21,100707,507,22,110,2026-08-31,21,,17,437.84
100707022-22,100707,507,17,115,2026-09-01,22,,48,439.22
100707023-23,100707,507,20,120,2026-09-02,23,,18,321.89
100707024-24,100707,507,23,104,2026-09-03,24,,51,131.99
100707025-25,100707,507,17,118,2026-09-04,25,,26,470.08
100707026-26,100707,507,10,116,2026-09-05,26,,18,474.44
100707027-27,100707,507,28,107,2026-09-06,27,,15,349.97
100707028-28,100707,507,16,115,2026-09-07,28,,78,269.09
100707029-29,100707,507,29,113,2026-09-08,29,,29,216.03
100707030-30,100707,507,21,101,2026-09-09,30,,94,111.5
100708001-1,100708,507,18,115,2026-08-11,1,,88,463.46
100708002-2,100708,507,11,111,2026-08-12,2,,71,5.84
100708003-3,100708,507,23,102,2026-08-13,3,,45,243.64
100708004-4,100708,507,24,108,2026-08-14,4,,83,425.69
100708005-5,100708,507,15,109,2026-08-15,5,,46,99.25
100708006-6,100708,507,21,102,2026-08-16,6,,14,123.73
100708007-7,100708,507,15,117,2026-08-17,7,,77,141.88
100708008-8,100708,507,20,114,2026-08-18,8,,97,298.82
100708009-9,100708,507,28,103,2026-08-19,9,,58,324.82
100708010-10,100708,507,26,111,2026-08-20,10,,1,348.94
100708011-11,100708,507,27,119,2026-08-21,11,,49,5.15
100708012-12,100708,507,20,113,2026-08-22,12,,92,384.5
100708013-13,100708,507,20,120,2026-08-23,13,,97,74.17
100708014-14,100708,507,19,106,2026-08-24,14,,89,377.07
100708015-15,100708,507,21,107,2026-08-25,15,,59,454.16
100708016-16,100708,507,15,102,2026-08-26,16,,15,466.6
100708017-17,100708,507,20,109,2026-08-27,17,,13,198.57
100708018-18,100708,507,25,104,2026-08-28,18,,75,39.75
100708019-19,100708,507,14,103,2026-08-29,19,,37,403.36
100708020-20,100708,507,18,102,2026-08-30,20,,66,202.31
100708021-21,100708,507,11,113,2026-08-31,21,,71,126.21
100708022-22,100708,507,22,107,2026-09-01,22,,26,211.37
100708023-23,100708,507,12,105,2026-09-02,23,,9,407.37
100708024-24,100708,507,25,104,2026-09-03,24,,6,480.26
100708025-25,100708,507,29,113,2026-09-04,25,,59,232.58
100708026-26,100708,507,12,105,2026-09-05,26,,93,366.92
100708027-27,100708,507,19,107,2026-09-06,27,,30,165.4
100708028-28,100708,507,13,119,2026-09-07,28,,78,274.54
100708029-29,100708,507,13,102,2026-09-08,29,,45,335.24
100708030-30,100708,507,13,120,2026-09-09,30,,92,384.2
100709001-1,100709,507,21,103,2026-08-11,1,,10,288.26
100709002-2,100709,507,20,114,2026-08-12,2,,95,142.52
100709003-3,100709,507,21,109,2026-08-13,3,,16,84.61
100709004-4,100709,507,29,120,2026-08-14,4,,13,403.2
100709005-5,100709,507,25,118,2026-08-15,5,,3,187.05
100709006-6,100709,507,11,112,2026-08-16,6,,99,155.48
100709007-7,100709,507,27,112,2026-08-17,7,,45,153.34
100709008-8,100709,507,14,104,2026-08-18,8,,31,98.26
100709009-9,100709,507,27,112,2026-08-19,9,,36,369.23
100709010-10,100709,507,22,117,2026-08-20,10,,3,371.91
100709011-11,100709,507,25,110,2026-08-21,11,,80,72.94
100709012-12,100709,507,18,103,2026-08-22,12,,91,304.58
100709013-13,100709,507,13,107,2026-08-23,13,,86,16.32
100709014-14,100709,507,19,109,2026-08-24,14,,4,70.19
100709015-15,100709,507,16,102,2026-08-25,15,,98,314.04
100709016-16,100709,507,23,120,2026-08-26,16,,98,375.95
100709017-17,100709,507,27,101,2026-08-27,17,,6,202.32
100709018-18,100709,507,28,110,2026-08-28,18,,26,68.14
100709019-19,100709,507,22,109,2026-08-29,19,,68,82.56
100709020-20,100709,507,10,118,2026-08-30,20,,57,113.21
100709021-21,100709,507,23,117,2026-08-31,21,,56,316.35
100709022-22,100709,507,25,117,2026-09-01,22,,35,229.56
100709023-23,100709,507,24,102,2026-09-02,23,,13,329.6
100709024-24,100709,507,13,116,2026-09-03,24,,87,435.87
100709025-25,100709,507,20,119,2026-09-04,25,,24,345.17
100709026-26,100709,507,28,114,2026-09-05,26,,55,467.92
100709027-27,100709,507,21,112,2026-09-06,27,,56,30.95
100709028-28,100709,507,28,116,2026-09-07,28,,6,319.54
100709029-29,100709,507,15,119,2026-09-08,29,,44,437.22
100709030-30,100709,507,27,108,2026-09-09,30,,56,75.37
100710001-1,100710,507,23,117,2026-08-11,1,,30,175
100710002-2,100710,507,12,119,2026-08-12,2,,72,226.57
100710003-3,100710,507,27,105,2026-08-13,3,,9,384.49
100710004-4,100710,507,10,101,2026-08-14,4,,100,211.83
100710005-5,100710,507,24,102,2026-08-15,5,,25,461
100710006-6,100710,507,18,117,2026-08-16,6,,63,379.07
100710007-7,100710,507,18,101,2026-08-17,7,,100,316.72
100710008-8,100710,507,14,102,2026-08-18,8,,36,343.11
100710009-9,100710,507,22,106,2026-08-19,9,,75,422.5
100710010-10,100710,507,10,117,2026-08-20,10,,4,141.99
100710011-11,100710,507,23,119,2026-08-21,11,,96,450.16
100710012-12,100710,507,24,102,2026-08-22,12,,91,109.57
100710013-13,100710,507,11,105,2026-08-23,13,,88,110.49
100710014-14,100710,507,11,119,2026-08-24,14,,70,132.7
100710015-15,100710,507,19,113,2026-08-25,15,,36,8.99
100710016-16,100710,507,11,107,2026-08-26,16,,87,278.61
100710017-17,100710,507,29,101,2026-08-27,17,,34,59.85
100710018-18,100710,507,18,103,2026-08-28,18,,83,149.64
100710019-19,100710,507,20,115,2026-08-29,19,,15,148.28
100710020-20,100710,507,14,107,2026-08-30,20,,68,104.14
100710021-21,100710,507,12,109,2026-08-31,21,,92,157.57
100710022-22,100710,507,13,101,2026-09-01,22,,6,96.21
100710023-23,100710,507,26,107,2026-09-02,23,,7,471.13
100710024-24,100710,507,15,116,2026-09-03,24,,28,378.29
100710025-25,100710,507,23,104,2026-09-04,25,,30,321.3
100710026-26,100710,507,10,108,2026-09-05,26,,72,131.82
100710027-27,100710,507,14,108,2026-09-06,27,,100,483.61
100710028-28,100710,507,27,111,2026-09-07,28,,82,459.7
100710029-29,100710,507,20,118,2026-09-08,29,,53,208.81
100710030-30,100710,507,10,103,2026-09-09,30,,36,246.15
100801001-1,100801,508,29,107,2026-08-11,1,,93,285.19
100801002-2,100801,508,16,104,2026-08-12,2,,65,495.38
100801003-3,100801,508,10,101,2026-08-13,3,,19,436.4
100801004-4,100801,508,25,103,2026-08-14,4,,37,169.52
100801005-5,100801,508,16,112,2026-08-15,5,,86,489.07
100801006-6,100801,508,14,107,2026-08-16,6,,26,365.21
100801007-7,100801,508,27,113,2026-08-17,7,,6,289.4
100801008-8,100801,508,18,109,2026-08-18,8,,27,265.54
100801009-9,100801,508,10,116,2026-08-19,9,,16,16.46
100801010-10,100801,508,27,119,2026-08-20,10,,75,72.7
100801011-11,100801,508,26,116,2026-08-21,11,,57,123.36
100801012-12,100801,508,26,111,2026-08-22,12,,99,386.61
100801013-13,100801,508,16,116,2026-08-23,13,,100,304.66
100801014-14,100801,508,24,115,2026-08-24,14,,71,168.41
100801015-15,100801,508,27,104,2026-08-25,15,,87,481.64
100801016-16,100801,508,23,118,2026-08-26,16,,34,407.85
100801017-17,100801,508,11,102,2026-08-27,17,,15,188.57
100801018-18,100801,508,26,117,2026-08-28,18,,95,92.34
100801019-19,100801,508,23,103,2026-08-29,19,,88,495.02
100801020-20,100801,508,23,107,2026-08-30,20,,68,190.24
100801021-21,100801,508,26,109,2026-08-31,21,,67,212.68
100801022-22,100801,508,17,117,2026-09-01,22,,60,337.16
100801023-23,100801,508,28,112,2026-09-02,23,,80,360.63
100801024-24,100801,508,17,114,2026-09-03,24,,77,146.82
100801025-25,100801,508,19,112,2026-09-04,25,,35,67.49
100801026-26,100801,508,26,111,2026-09-05,26,,27,264.4
100801027-27,100801,508,22,107,2026-09-06,27,,33,81.29
100801028-28,100801,508,18,107,2026-09-07,28,,92,415.26
100801029-29,100801,508,25,104,2026-09-08,29,,4,62.73
100801030-30,100801,508,21,110,2026-09-09,30,,87,481.16
100802001-1,100802,508,22,115,2026-08-11,1,,73,479.15
100802002-2,100802,508,11,119,2026-08-12,2,,97,485.31
100802003-3,100802,508,13,103,2026-08-13,3,,68,453.09
100802004-4,100802,508,11,111,2026-08-14,4,,88,313.99
100802005-5,100802,508,16,115,2026-08-15,5,,78,483.16
100802006-6,100802,508,26,115,2026-08-16,6,,86,283.94
100802007-7,100802,508,27,106,2026-08-17,7,,29,325.94
100802008-8,100802,508,26,113,2026-08-18,8,,70,350.64
100802009-9,100802,508,13,113,2026-08-19,9,,72,402.14
100802010-10,100802,508,28,103,2026-08-20,10,,39,323.13
100802011-11,100802,508,19,108,2026-08-21,11,,81,445.32
100802012-12,100802,508,25,110,2026-08-22,12,,32,70.27
100802013-13,100802,508,22,105,2026-08-23,13,,1,80.55
100802014-14,100802,508,10,116,2026-08-24,14,,97,425.39
100802015-15,100802,508,18,107,2026-08-25,15,,12,116.48
100802016-16,100802,508,27,106,2026-08-26,16,,19,353.14
100802017-17,100802,508,12,104,2026-08-27,17,,23,284.99
100802018-18,100802,508,13,118,2026-08-28,18,,72,324.28
100802019-19,100802,508,29,117,2026-08-29,19,,77,51.44
100802020-20,100802,508,12,113,2026-08-30,20,,28,391.98
100802021-21,100802,508,22,115,2026-08-31,21,,77,439.2
100802022-22,100802,508,18,109,2026-09-01,22,,94,495.5
100802023-23,100802,508,13,103,2026-09-02,23,,14,264.33
100802024-24,100802,508,13,102,2026-09-03,24,,23,444.97
100802025-25,100802,508,22,113,2026-09-04,25,,14,405.7
100802026-26,100802,508,29,116,2026-09-05,26,,57,450.01
100802027-27,100802,508,24,103,2026-09-06,27,,68,61.17
100802028-28,100802,508,23,115,2026-09-07,28,,30,305.75
100802029-29,100802,508,22,117,2026-09-08,29,,11,39.87
100802030-30,100802,508,27,105,2026-09-09,30,,61,87.39
100803001-1,100803,508,11,113,2026-08-11,1,,79,69.29
100803002-2,100803,508,15,105,2026-08-12,2,,48,453.56
100803003-3,100803,508,11,106,2026-08-13,3,,83,60.68
100803004-4,100803,508,27,111,2026-08-14,4,,51,454.1
100803005-5,100803,508,20,101,2026-08-15,5,,14,335.45
100803006-6,100803,508,27,114,2026-08-16,6,,65,297.45
100803007-7,100803,508,29,117,2026-08-17,7,,64,290.63
100803008-8,100803,508,14,103,2026-08-18,8,,74,494.38
100803009-9,100803,508,26,116,2026-08-19,9,,12,146.29
100803010-10,100803,508,29,103,2026-08-20,10,,11,458.76
100803011-11,100803,508,13,108,2026-08-21,11,,91,50.31
100803012-12,100803,508,12,116,2026-08-22,12,,2,405.53
100803013-13,100803,508,29,108,2026-08-23,13,,70,445.38
100803014-14,100803,508,16,117,2026-08-24,14,,62,44.87
100803015-15,100803,508,21,109,2026-08-25,15,,69,412.38
100803016-16,100803,508,29,109,2026-08-26,16,,38,7.16
100803017-17,100803,508,19,103,2026-08-27,17,,69,364.64
100803018-18,100803,508,26,106,2026-08-28,18,,15,253.86
100803019-19,100803,508,13,108,2026-08-29,19,,32,461.16
100803020-20,100803,508,14,115,2026-08-30,20,,39,453.36
100803021-21,100803,508,29,110,2026-08-31,21,,43,264.27
100803022-22,100803,508,25,102,2026-09-01,22,,21,392.24
100803023-23,100803,508,13,115,2026-09-02,23,,39,385.13
100803024-24,100803,508,22,111,2026-09-03,24,,34,16.49
100803025-25,100803,508,11,103,2026-09-04,25,,54,388.66
100803026-26,100803,508,28,115,2026-09-05,26,,39,12.94
100803027-27,100803,508,15,106,2026-09-06,27,,7,118.79
100803028-28,100803,508,24,102,2026-09-07,28,,17,154.94
100803029-29,100803,508,13,110,2026-09-08,29,,23,356.13
100803030-30,100803,508,18,115,2026-09-09,30,,42,281.66
100804001-1,100804,508,17,116,2026-08-11,1,,18,340.82
100804002-2,100804,508,11,103,2026-08-12,2,,71,376.19
100804003-3,100804,508,16,103,2026-08-13,3,,31,392.16
100804004-4,100804,508,22,106,2026-08-14,4,,41,55.26
100804005-5,100804,508,18,119,2026-08-15,5,,93,156.11
100804006-6,100804,508,15,116,2026-08-16,6,,30,428.37
100804007-7,100804,508,11,101,2026-08-17,7,,44,456.78
100804008-8,100804,508,27,119,2026-08-18,8,,7,434.1
100804009-9,100804,508,10,103,2026-08-19,9,,21,43.4
100804010-10,100804,508,23,115,2026-08-20,10,,17,390.48
100804011-11,100804,508,15,115,2026-08-21,11,,78,120.94
100804012-12,100804,508,16,103,2026-08-22,12,,40,5.26
100804013-13,100804,508,20,117,2026-08-23,13,,58,40.34
100804014-14,100804,508,20,111,2026-08-24,14,,66,399.13
100804015-15,100804,508,18,117,2026-08-25,15,,64,486.26
100804016-16,100804,508,23,117,2026-08-26,16,,3,105.11
100804017-17,100804,508,25,120,2026-08-27,17,,52,113.14
100804018-18,100804,508,15,107,2026-08-28,18,,64,184.71
100804019-19,100804,508,22,106,2026-08-29,19,,87,281.98
100804020-20,100804,508,19,118,2026-08-30,20,,27,378.21
100804021-21,100804,508,15,106,2026-08-31,21,,90,139.45
100804022-22,100804,508,19,109,2026-09-01,22,,47,17.98
100804023-23,100804,508,19,115,2026-09-02,23,,51,319.91
100804024-24,100804,508,11,120,2026-09-03,24,,34,412.46
100804025-25,100804,508,14,114,2026-09-04,25,,44,470.09
100804026-26,100804,508,21,109,2026-09-05,26,,20,85.27
100804027-27,100804,508,16,106,2026-09-06,27,,49,27.42
100804028-28,100804,508,23,115,2026-09-07,28,,89,446.44
100804029-29,100804,508,21,107,2026-09-08,29,,67,477.86
100804030-30,100804,508,12,103,2026-09-09,30,,89,196.81
100805001-1,100805,508,24,110,2026-08-11,1,,52,358.26
100805002-2,100805,508,14,110,2026-08-12,2,,3,64.8
100805003-3,100805,508,17,117,2026-08-13,3,,35,154.43
100805004-4,100805,508,16,104,2026-08-14,4,,62,453.2
100805005-5,100805,508,16,113,2026-08-15,5,,49,377.69
100805006-6,100805,508,11,112,2026-08-16,6,,38,276.87
100805007-7,100805,508,15,114,2026-08-17,7,,88,256.42
100805008-8,100805,508,18,111,2026-08-18,8,,62,416.2
100805009-9,100805,508,19,119,2026-08-19,9,,3,347.45
100805010-10,100805,508,16,104,2026-08-20,10,,76,400.21
100805011-11,100805,508,27,105,2026-08-21,11,,32,47.6
100805012-12,100805,508,18,114,2026-08-22,12,,51,135.52
100805013-13,100805,508,12,112,2026-08-23,13,,52,465.57
100805014-14,100805,508,28,112,2026-08-24,14,,29,127.65
100805015-15,100805,508,26,115,2026-08-25,15,,37,17.63
100805016-16,100805,508,10,113,2026-08-26,16,,6,354.21
100805017-17,100805,508,15,115,2026-08-27,17,,38,286.59
100805018-18,100805,508,12,110,2026-08-28,18,,46,8.34
100805019-19,100805,508,29,104,2026-08-29,19,,48,440.48
100805020-20,100805,508,22,116,2026-08-30,20,,43,359.39
100805021-21,100805,508,12,110,2026-08-31,21,,96,400.82
100805022-22,100805,508,26,109,2026-09-01,22,,60,346.33
100805023-23,100805,508,16,112,2026-09-02,23,,41,458.85
100805024-24,100805,508,16,110,2026-09-03,24,,10,209.67
100805025-25,100805,508,14,120,2026-09-04,25,,8,231.49
100805026-26,100805,508,18,102,2026-09-05,26,,76,131.19
100805027-27,100805,508,15,104,2026-09-06,27,,68,20.57
100805028-28,100805,508,17,109,2026-09-07,28,,3,255.77
100805029-29,100805,508,12,113,2026-09-08,29,,22,357.38
100805030-30,100805,508,10,101,2026-09-09,30,,12,62.35
100806001-1,100806,508,16,108,2026-08-11,1,,28,22.72
100806002-2,100806,508,24,118,2026-08-12,2,,51,438.67
100806003-3,100806,508,27,113,2026-08-13,3,,60,244.12
100806004-4,100806,508,23,114,2026-08-14,4,,22,197.07
100806005-5,100806,508,12,112,2026-08-15,5,,26,164.84
100806006-6,100806,508,28,102,2026-08-16,6,,22,303.76
100806007-7,100806,508,13,104,2026-08-17,7,,16,182.69
100806008-8,100806,508,28,111,2026-08-18,8,,44,210.63
100806009-9,100806,508,29,112,2026-08-19,9,,41,135.42
100806010-10,100806,508,25,114,2026-08-20,10,,84,264.43
100806011-11,100806,508,15,119,2026-08-21,11,,72,182.83
100806012-12,100806,508,11,113,2026-08-22,12,,30,186.35
100806013-13,100806,508,10,113,2026-08-23,13,,39,142.69
100806014-14,100806,508,25,107,2026-08-24,14,,75,335.32
100806015-15,100806,508,11,103,2026-08-25,15,,42,199.56
100806016-16,100806,508,25,106,2026-08-26,16,,75,166.93
100806017-17,100806,508,10,117,2026-08-27,17,,24,437.75
100806018-18,100806,508,12,116,2026-08-28,18,,3,170.12
100806019-19,100806,508,23,108,2026-08-29,19,,24,296.05
100806020-20,100806,508,12,113,2026-08-30,20,,10,78.13
100806021-21,100806,508,28,115,2026-08-31,21,,29,9.51
100806022-22,100806,508,29,112,2026-09-01,22,,57,172.57
100806023-23,100806,508,14,111,2026-09-02,23,,18,174.96
100806024-24,100806,508,11,105,2026-09-03,24,,81,426.3
100806025-25,100806,508,28,111,2026-09-04,25,,38,382.16
100806026-26,100806,508,11,101,2026-09-05,26,,26,497.25
100806027-27,100806,508,17,117,2026-09-06,27,,77,226.05
100806028-28,100806,508,11,105,2026-09-07,28,,9,389.8
100806029-29,100806,508,10,104,2026-09-08,29,,49,381.72
100806030-30,100806,508,14,101,2026-09-09,30,,20,135.15
100807001-1,100807,508,17,109,2026-08-11,1,,16,281.37
100807002-2,100807,508,25,120,2026-08-12,2,,86,99.27
100807003-3,100807,508,17,109,2026-08-13,3,,41,370.48
100807004-4,100807,508,10,110,2026-08-14,4,,16,182.38
100807005-5,100807,508,27,108,2026-08-15,5,,11,183.09
100807006-6,100807,508,22,107,2026-08-16,6,,91,251.57
100807007-7,100807,508,21,101,2026-08-17,7,,3,48.24
100807008-8,100807,508,20,118,2026-08-18,8,,47,378.32
100807009-9,100807,508,10,110,2026-08-19,9,,94,245.89
100807010-10,100807,508,20,120,2026-08-20,10,,80,212.57
100807011-11,100807,508,27,108,2026-08-21,11,,35,404.17
100807012-12,100807,508,11,112,2026-08-22,12,,7,144.83
100807013-13,100807,508,17,117,2026-08-23,13,,61,450.47
100807014-14,100807,508,26,111,2026-08-24,14,,40,422.24
100807015-15,100807,508,14,104,2026-08-25,15,,80,62.78
100807016-16,100807,508,13,107,2026-08-26,16,,88,25.84
100807017-17,100807,508,12,119,2026-08-27,17,,22,326.06
100807018-18,100807,508,26,112,2026-08-28,18,,19,402.86
100807019-19,100807,508,16,114,2026-08-29,19,,25,194.63
100807020-20,100807,508,17,118,2026-08-30,20,,29,354.42
100807021-21,100807,508,18,103,2026-08-31,21,,22,203.02
100807022-22,100807,508,23,108,2026-09-01,22,,95,223.46
100807023-23,100807,508,20,102,2026-09-02,23,,38,61.43
100807024-24,100807,508,26,114,2026-09-03,24,,85,454.6
100807025-25,100807,508,20,101,2026-09-04,25,,6,355.25
100807026-26,100807,508,19,110,2026-09-05,26,,72,264.96
100807027-27,100807,508,20,106,2026-09-06,27,,93,405.7
100807028-28,100807,508,15,119,2026-09-07,28,,12,78.95
100807029-29,100807,508,23,114,2026-09-08,29,,32,338.86
100807030-30,100807,508,23,103,2026-09-09,30,,88,407.9
100808001-1,100808,508,21,118,2026-08-11,1,,44,489.57
100808002-2,100808,508,16,120,2026-08-12,2,,24,276.38
100808003-3,100808,508,18,111,2026-08-13,3,,3,120.47
100808004-4,100808,508,13,105,2026-08-14,4,,31,162.56
100808005-5,100808,508,18,115,2026-08-15,5,,91,304.1
100808006-6,100808,508,19,104,2026-08-16,6,,58,188.58
100808007-7,100808,508,15,118,2026-08-17,7,,88,400.33
100808008-8,100808,508,28,118,2026-08-18,8,,33,359.28
100808009-9,100808,508,23,115,2026-08-19,9,,71,349.38
100808010-10,100808,508,17,102,2026-08-20,10,,57,154.06
100808011-11,100808,508,16,111,2026-08-21,11,,33,126.44
100808012-12,100808,508,29,104,2026-08-22,12,,48,114.72
100808013-13,100808,508,26,117,2026-08-23,13,,58,116.58
100808014-14,100808,508,25,115,2026-08-24,14,,5,199.98
100808015-15,100808,508,26,107,2026-08-25,15,,5,355.84
100808016-16,100808,508,17,117,2026-08-26,16,,53,361.37
100808017-17,100808,508,22,114,2026-08-27,17,,79,161.07
100808018-18,100808,508,26,106,2026-08-28,18,,7,414.21
100808019-19,100808,508,27,111,2026-08-29,19,,11,192.2
100808020-20,100808,508,28,112,2026-08-30,20,,62,82.48
100808021-21,100808,508,14,103,2026-08-31,21,,70,60.72
100808022-22,100808,508,14,120,2026-09-01,22,,81,197.9
100808023-23,100808,508,14,114,2026-09-02,23,,8,320.1
100808024-24,100808,508,19,112,2026-09-03,24,,79,168.74
100808025-25,100808,508,16,111,2026-09-04,25,,4,113.49
100808026-26,100808,508,19,118,2026-09-05,26,,41,473.34
100808027-27,100808,508,24,102,2026-09-06,27,,22,377.55
100808028-28,100808,508,19,102,2026-09-07,28,,29,196.3
100808029-29,100808,508,27,107,2026-09-08,29,,26,461.57
100808030-30,100808,508,10,117,2026-09-09,30,,5,351.24
100809001-1,100809,508,28,112,2026-08-11,1,,46,318.11
100809002-2,100809,508,19,114,2026-08-12,2,,7,127.6
100809003-3,100809,508,26,106,2026-08-13,3,,47,80.85
100809004-4,100809,508,29,119,2026-08-14,4,,86,26.9
100809005-5,100809,508,21,112,2026-08-15,5,,80,233
100809006-6,100809,508,26,106,2026-08-16,6,,53,194.59
100809007-7,100809,508,21,116,2026-08-17,7,,58,77.87
100809008-8,100809,508,20,120,2026-08-18,8,,70,297.81
100809009-9,100809,508,18,120,2026-08-19,9,,69,138.93
100809010-10,100809,508,17,106,2026-08-20,10,,81,105.1
100809011-11,100809,508,14,107,2026-08-21,11,,63,376.78
100809012-12,100809,508,17,114,2026-08-22,12,,43,266.53
100809013-13,100809,508,27,104,2026-08-23,13,,35,274.87
100809014-14,100809,508,15,114,2026-08-24,14,,98,248.73
100809015-15,100809,508,17,109,2026-08-25,15,,33,293.43
100809016-16,100809,508,14,110,2026-08-26,16,,89,161.96
100809017-17,100809,508,25,104,2026-08-27,17,,43,230.13
100809018-18,100809,508,14,101,2026-08-28,18,,91,455.73
100809019-19,100809,508,17,107,2026-08-29,19,,21,344.93
100809020-20,100809,508,15,116,2026-08-30,20,,83,342.43
100809021-21,100809,508,15,108,2026-08-31,21,,92,480.84
100809022-22,100809,508,29,115,2026-09-01,22,,86,489.85
100809023-23,100809,508,28,110,2026-09-02,23,,27,63.14
100809024-24,100809,508,21,112,2026-09-03,24,,35,163.79
100809025-25,100809,508,10,110,2026-09-04,25,,75,268.31
100809026-26,100809,508,24,120,2026-09-05,26,,98,450.46
100809027-27,100809,508,12,104,2026-09-06,27,,4,265.54
100809028-28,100809,508,27,117,2026-09-07,28,,95,481.47
100809029-29,100809,508,12,108,2026-09-08,29,,25,443.46
100809030-30,100809,508,13,108,2026-09-09,30,,98,103.21
100810001-1,100810,508,24,103,2026-08-11,1,,97,41.7
100810002-2,100810,508,15,119,2026-08-12,2,,74,162.33
100810003-3,100810,508,23,102,2026-08-13,3,,5,251.2
100810004-4,100810,508,14,103,2026-08-14,4,,14,495.13
100810005-5,100810,508,27,116,2026-08-15,5,,29,191.86
100810006-6,100810,508,26,111,2026-08-16,6,,6,55.45
100810007-7,100810,508,18,113,2026-08-17,7,,78,493.62
100810008-8,100810,508,24,113,2026-08-18,8,,45,350.41
100810009-9,100810,508,29,119,2026-08-19,9,,71,90.42
100810010-10,100810,508,28,108,2026-08-20,10,,24,496.71
100810011-11,100810,508,11,117,2026-08-21,11,,67,148.96
100810012-12,100810,508,23,101,2026-08-22,12,,86,305.09
100810013-13,100810,508,28,108,2026-08-23,13,,27,139.72
100810014-14,100810,508,18,114,2026-08-24,14,,66,362.67
100810015-15,100810,508,10,116,2026-08-25,15,,32,243.1
100810016-16,100810,508,23,102,2026-08-26,16,,10,253.61
100810017-17,100810,508,21,119,2026-08-27,17,,38,270.33
100810018-18,100810,508,19,102,2026-08-28,18,,42,184.41
100810019-19,100810,508,11,113,2026-08-29,19,,39,103.67
100810020-20,100810,508,10,120,2026-08-30,20,,34,345.34
100810021-21,100810,508,12,107,2026-08-31,21,,97,476.61
100810022-22,100810,508,25,104,2026-09-01,22,,55,474.45
100810023-23,100810,508,27,115,2026-09-02,23,,4,124.72
100810024-24,100810,508,22,103,2026-09-03,24,,53,433.55
100810025-25,100810,508,17,120,2026-09-04,25,,79,149.78
100810026-26,100810,508,11,109,2026-09-05,26,,51,83.6
100810027-27,100810,508,13,113,2026-09-06,27,,20,63.4
100810028-28,100810,508,29,102,2026-09-07,28,,47,134.46
100810029-29,100810,508,20,103,2026-09-08,29,,34,343.64
100810030-30,100810,508,16,110,2026-09-09,30,,37,231.42
